[suite] skip existing edit_heavy_rolling_ball
[suite] skip existing edit_light_rolling_ball
[suite] skip existing edit_heavy_target_ball
[suite] render edit edit_soft_push
Failed to open dir (No such file or directory): /run/user/10194/gvfs/
pybullet build time: Jan 29 2025 23:16:28
[SIM] lip f=30 v=0.313 run=0.657 decel=0.413 | fall t=0.314 reach=0.098 land=(-0.440, -0.290) err=0.0343 | hit f=None n_below=None deg | b_out None (pred None, free None) head None/None | a_out None (pred None) rev=None | sep=None | ends A=(-0.469, -0.308) B=(-0.722, -0.290) settle=(93, None) spin_left=0.00/0.00 dressing=None off_floor=None
Blender 3.6.23 (hash e467db79ca8c built 2025-06-17 01:32:54)
Fra:1 Mem:66.42M (Peak 68.74M) | Time:00:00.72 | Mem:0.00M, Peak:0.00M | Scene, ViewLayer | Synchronizing object | Object_4
Fra:1 Mem:66.42M (Peak 68.74M) | Time:00:00.72 | Mem:0.00M, Peak:0.00M | Scene, ViewLayer | Synchronizing object | Object_30
Fra:1 Mem:66.43M (Peak 68.74M) | Time:00:00.72 | Mem:0.00M, Peak:0.00M | Scene, ViewLayer | Synchronizing object | tennis_old
Fra:1 Mem:72.90M (Peak 77.29M) | Time:00:00.75 | Mem:0.00M, Peak:0.00M | Scene, ViewLayer | Initializing
Fra:1 Mem:72.81M (Peak 77.29M) | Time:00:00.75 | Mem:0.00M, Peak:0.00M | Scene, ViewLayer | Updating Images | Loading Image_0.002
Fra:1 Mem:72.81M (Peak 77.29M) | Time:00:00.75 | Mem:0.00M, Peak:0.00M | Scene, ViewLayer | Updating Images | Loading Image_5
Fra:1 Mem:76.81M (Peak 77.29M) | Time:00:00.75 | Mem:0.00M, Peak:0.00M | Scene, ViewLayer | Updating Images | Loading Image_0.001
Fra:1 Mem:340.04M (Peak 705.04M) | Time:00:01.19 | Mem:272.00M, Peak:272.00M | Scene, ViewLayer | Waiting for render to start
Fra:1 Mem:340.04M (Peak 705.04M) | Time:00:01.19 | Mem:272.00M, Peak:272.00M | Scene, ViewLayer | Loading render kernels (may take a few minutes the first time)
Fra:1 Mem:340.04M (Peak 705.04M) | Time:00:01.54 | Mem:272.00M, Peak:272.00M | Scene, ViewLayer | Updating Scene
Fra:1 Mem:340.04M (Peak 705.04M) | Time:00:01.54 | Mem:272.00M, Peak:272.00M | Scene, ViewLayer | Updating Shaders
Fra:1 Mem:340.05M (Peak 705.04M) | Time:00:01.54 | Mem:272.01M, Peak:272.01M | Scene, ViewLayer | Updating Procedurals
Fra:1 Mem:340.05M (Peak 705.04M) | Time:00:01.54 | Mem:272.01M, Peak:272.01M | Scene, ViewLayer | Updating Background
Fra:1 Mem:340.05M (Peak 705.04M) | Time:00:01.54 | Mem:272.01M, Peak:272.01M | Scene, ViewLayer | Updating Camera
Fra:1 Mem:340.05M (Peak 705.04M) | Time:00:01.54 | Mem:272.01M, Peak:272.01M | Scene, ViewLayer | Updating Meshes Flags
Fra:1 Mem:340.05M (Peak 705.04M) | Time:00:01.54 | Mem:272.01M, Peak:272.01M | Scene, ViewLayer | Updating Objects
Fra:1 Mem:340.05M (Peak 705.04M) | Time:00:01.54 | Mem:272.01M, Peak:272.01M | Scene, ViewLayer | Updating Objects | Copying Transformations to device
Fra:1 Mem:340.05M (Peak 705.04M) | Time:00:01.54 | Mem:272.01M, Peak:272.01M | Scene, ViewLayer | Updating Objects | Applying Static Transformations
Fra:1 Mem:340.05M (Peak 705.04M) | Time:00:01.54 | Mem:272.01M, Peak:272.01M | Scene, ViewLayer | Updating Particle Systems
Fra:1 Mem:340.05M (Peak 705.04M) | Time:00:01.54 | Mem:272.01M, Peak:272.01M | Scene, ViewLayer | Updating Particle Systems | Copying Particles to device
Fra:1 Mem:340.05M (Peak 705.04M) | Time:00:01.54 | Mem:272.01M, Peak:272.01M | Scene, ViewLayer | Updating Meshes
Fra:1 Mem:340.95M (Peak 705.04M) | Time:00:01.54 | Mem:272.01M, Peak:272.01M | Scene, ViewLayer | Updating Mesh | Computing attributes
Fra:1 Mem:344.07M (Peak 705.04M) | Time:00:01.54 | Mem:272.02M, Peak:272.02M | Scene, ViewLayer | Updating Mesh | Copying Attributes to device
Fra:1 Mem:344.05M (Peak 705.04M) | Time:00:01.55 | Mem:275.11M, Peak:275.11M | Scene, ViewLayer | Updating Geometry BVH low poly_Material.001_0.001 2/2 | Building BVH
Fra:1 Mem:344.15M (Peak 705.04M) | Time:00:01.55 | Mem:275.11M, Peak:275.11M | Scene, ViewLayer | Updating Geometry BVH low poly_Material.001_0 1/2 | Building BVH
Fra:1 Mem:344.31M (Peak 705.04M) | Time:00:01.55 | Mem:275.11M, Peak:275.11M | Scene, ViewLayer | Updating Geometry BVH low poly_Material.001_0 1/2 | Packing BVH triangles and strands
Fra:1 Mem:344.32M (Peak 705.04M) | Time:00:01.55 | Mem:275.11M, Peak:275.11M | Scene, ViewLayer | Updating Geometry BVH low poly_Material.001_0 1/2 | Packing BVH nodes
Fra:1 Mem:344.24M (Peak 705.04M) | Time:00:01.55 | Mem:275.11M, Peak:275.11M | Scene, ViewLayer | Updating Geometry BVH low poly_Material.001_0 1/2 | Packing BVH triangles and strands
Fra:1 Mem:344.25M (Peak 705.04M) | Time:00:01.55 | Mem:275.11M, Peak:275.11M | Scene, ViewLayer | Updating Geometry BVH low poly_Material.001_0 1/2 | Packing BVH nodes
Fra:1 Mem:344.18M (Peak 705.04M) | Time:00:01.55 | Mem:275.11M, Peak:275.11M | Scene, ViewLayer | Updating Scene BVH | Building
Fra:1 Mem:344.18M (Peak 705.04M) | Time:00:01.55 | Mem:275.11M, Peak:275.11M | Scene, ViewLayer | Updating Scene BVH | Building BVH
Fra:1 Mem:347.30M (Peak 705.04M) | Time:00:01.57 | Mem:275.11M, Peak:275.11M | Scene, ViewLayer | Updating Scene BVH | Packing BVH triangles and strands
Fra:1 Mem:347.50M (Peak 705.04M) | Time:00:01.57 | Mem:275.11M, Peak:275.11M | Scene, ViewLayer | Updating Scene BVH | Packing BVH nodes
Fra:1 Mem:347.65M (Peak 705.04M) | Time:00:01.58 | Mem:275.11M, Peak:275.11M | Scene, ViewLayer | Updating Scene BVH | Copying BVH to device
Fra:1 Mem:347.65M (Peak 705.04M) | Time:00:01.58 | Mem:276.85M, Peak:276.85M | Scene, ViewLayer | Updating Mesh | Computing normals
Fra:1 Mem:350.33M (Peak 705.04M) | Time:00:01.58 | Mem:276.85M, Peak:276.85M | Scene, ViewLayer | Updating Mesh | Copying Mesh to device
Fra:1 Mem:350.33M (Peak 705.04M) | Time:00:01.59 | Mem:279.53M, Peak:279.53M | Scene, ViewLayer | Updating Objects Flags
Fra:1 Mem:350.33M (Peak 705.04M) | Time:00:01.59 | Mem:279.53M, Peak:279.53M | Scene, ViewLayer | Updating Primitive Offsets
Fra:1 Mem:350.33M (Peak 705.04M) | Time:00:01.59 | Mem:279.53M, Peak:279.53M | Scene, ViewLayer | Updating Images
Fra:1 Mem:350.33M (Peak 705.04M) | Time:00:01.59 | Mem:279.53M, Peak:279.53M | Scene, ViewLayer | Updating Images | Loading kloofendal_48d_partly_cloudy_puresky_2k.hdr
Fra:1 Mem:382.33M (Peak 705.04M) | Time:00:01.67 | Mem:311.53M, Peak:311.53M | Scene, ViewLayer | Updating Camera Volume
Fra:1 Mem:382.33M (Peak 705.04M) | Time:00:01.67 | Mem:311.53M, Peak:311.53M | Scene, ViewLayer | Updating Lookup Tables
Fra:1 Mem:382.33M (Peak 705.04M) | Time:00:01.68 | Mem:311.53M, Peak:311.53M | Scene, ViewLayer | Updating Lights
Fra:1 Mem:382.33M (Peak 705.04M) | Time:00:01.68 | Mem:311.53M, Peak:311.53M | Scene, ViewLayer | Updating Lights | Importance map
Fra:1 Mem:446.36M (Peak 734.33M) | Time:00:01.97 | Mem:375.56M, Peak:375.56M | Scene, ViewLayer | Updating Lights | Computing distribution
Fra:1 Mem:446.36M (Peak 734.33M) | Time:00:01.97 | Mem:375.56M, Peak:375.56M | Scene, ViewLayer | Updating Lights | Computing tree
Fra:1 Mem:446.36M (Peak 734.33M) | Time:00:01.97 | Mem:375.56M, Peak:375.56M | Scene, ViewLayer | Updating Integrator
Fra:1 Mem:447.36M (Peak 734.33M) | Time:00:01.98 | Mem:376.56M, Peak:376.56M | Scene, ViewLayer | Updating Film
Fra:1 Mem:447.36M (Peak 734.33M) | Time:00:01.98 | Mem:376.56M, Peak:376.56M | Scene, ViewLayer | Updating Lookup Tables
Fra:1 Mem:447.36M (Peak 734.33M) | Time:00:01.98 | Mem:376.57M, Peak:376.57M | Scene, ViewLayer | Updating Baking
Fra:1 Mem:447.36M (Peak 734.33M) | Time:00:01.98 | Mem:376.57M, Peak:376.57M | Scene, ViewLayer | Updating Device | Writing constant memory
Fra:1 Mem:447.37M (Peak 734.33M) | Time:00:01.98 | Mem:376.57M, Peak:376.57M | Scene, ViewLayer | Loading denoising kernels (may take a few minutes the first time)
Fra:1 Mem:510.42M (Peak 734.33M) | Time:00:02.05 | Mem:376.57M, Peak:376.57M | Scene, ViewLayer | Sample 0/64
Fra:1 Mem:577.23M (Peak 734.33M) | Time:00:02.06 | Remaining:00:00.77 | Mem:376.57M, Peak:376.57M | Scene, ViewLayer | Sample 1/64
Fra:1 Mem:672.20M (Peak 734.33M) | Time:00:02.70 | Mem:443.36M, Peak:443.36M | Scene, ViewLayer | Sample 64/64
Fra:1 Mem:672.20M (Peak 734.33M) | Time:00:02.70 | Mem:443.36M, Peak:443.36M | Scene, ViewLayer | Finished
Append frame 1
 Time: 00:03.58 (Saving: 00:00.19)

Fra:2 Mem:66.69M (Peak 734.33M) | Time:00:00.58 | Mem:0.00M, Peak:0.00M | Scene, ViewLayer | Synchronizing object | Object_4
Fra:2 Mem:66.78M (Peak 734.33M) | Time:00:00.58 | Mem:0.00M, Peak:0.00M | Scene, ViewLayer | Synchronizing object | Object_10
Fra:2 Mem:66.80M (Peak 734.33M) | Time:00:00.58 | Mem:0.00M, Peak:0.00M | Scene, ViewLayer | Synchronizing object | Object_34
Fra:2 Mem:66.99M (Peak 734.33M) | Time:00:00.58 | Mem:0.00M, Peak:0.00M | Scene, ViewLayer | Synchronizing object | tennis_old
Fra:2 Mem:72.91M (Peak 734.33M) | Time:00:00.60 | Mem:0.00M, Peak:0.00M | Scene, ViewLayer | Initializing
Fra:2 Mem:72.81M (Peak 734.33M) | Time:00:00.60 | Mem:0.00M, Peak:0.00M | Scene, ViewLayer | Updating Images | Loading Image_0.002
Fra:2 Mem:72.81M (Peak 734.33M) | Time:00:00.60 | Mem:0.00M, Peak:0.00M | Scene, ViewLayer | Updating Images | Loading Image_0.001
Fra:2 Mem:340.04M (Peak 734.33M) | Time:00:01.03 | Mem:272.00M, Peak:272.00M | Scene, ViewLayer | Waiting for render to start
Fra:2 Mem:340.04M (Peak 734.33M) | Time:00:01.03 | Mem:272.00M, Peak:272.00M | Scene, ViewLayer | Loading render kernels (may take a few minutes the first time)
Fra:2 Mem:340.04M (Peak 734.33M) | Time:00:01.40 | Mem:272.00M, Peak:272.00M | Scene, ViewLayer | Updating Scene
Fra:2 Mem:340.04M (Peak 734.33M) | Time:00:01.40 | Mem:272.00M, Peak:272.00M | Scene, ViewLayer | Updating Shaders
Fra:2 Mem:340.05M (Peak 734.33M) | Time:00:01.41 | Mem:272.01M, Peak:272.01M | Scene, ViewLayer | Updating Procedurals
Fra:2 Mem:340.05M (Peak 734.33M) | Time:00:01.41 | Mem:272.01M, Peak:272.01M | Scene, ViewLayer | Updating Background
Fra:2 Mem:340.05M (Peak 734.33M) | Time:00:01.41 | Mem:272.01M, Peak:272.01M | Scene, ViewLayer | Updating Camera
Fra:2 Mem:340.05M (Peak 734.33M) | Time:00:01.41 | Mem:272.01M, Peak:272.01M | Scene, ViewLayer | Updating Meshes Flags
Fra:2 Mem:340.05M (Peak 734.33M) | Time:00:01.41 | Mem:272.01M, Peak:272.01M | Scene, ViewLayer | Updating Objects
Fra:2 Mem:340.05M (Peak 734.33M) | Time:00:01.41 | Mem:272.01M, Peak:272.01M | Scene, ViewLayer | Updating Objects | Copying Transformations to device
Fra:2 Mem:340.05M (Peak 734.33M) | Time:00:01.41 | Mem:272.01M, Peak:272.01M | Scene, ViewLayer | Updating Objects | Applying Static Transformations
Fra:2 Mem:340.05M (Peak 734.33M) | Time:00:01.41 | Mem:272.01M, Peak:272.01M | Scene, ViewLayer | Updating Particle Systems
Fra:2 Mem:340.05M (Peak 734.33M) | Time:00:01.41 | Mem:272.01M, Peak:272.01M | Scene, ViewLayer | Updating Particle Systems | Copying Particles to device
Fra:2 Mem:340.05M (Peak 734.33M) | Time:00:01.41 | Mem:272.01M, Peak:272.01M | Scene, ViewLayer | Updating Meshes
Fra:2 Mem:340.95M (Peak 734.33M) | Time:00:01.41 | Mem:272.01M, Peak:272.01M | Scene, ViewLayer | Updating Mesh | Computing attributes
Fra:2 Mem:344.07M (Peak 734.33M) | Time:00:01.42 | Mem:272.02M, Peak:272.02M | Scene, ViewLayer | Updating Mesh | Copying Attributes to device
Fra:2 Mem:344.05M (Peak 734.33M) | Time:00:01.43 | Mem:275.11M, Peak:275.11M | Scene, ViewLayer | Updating Geometry BVH low poly_Material.001_0.001 2/2 | Building BVH
Fra:2 Mem:344.15M (Peak 734.33M) | Time:00:01.43 | Mem:275.11M, Peak:275.11M | Scene, ViewLayer | Updating Geometry BVH low poly_Material.001_0 1/2 | Building BVH
Fra:2 Mem:344.31M (Peak 734.33M) | Time:00:01.43 | Mem:275.11M, Peak:275.11M | Scene, ViewLayer | Updating Geometry BVH low poly_Material.001_0 1/2 | Packing BVH triangles and strands
Fra:2 Mem:344.32M (Peak 734.33M) | Time:00:01.43 | Mem:275.11M, Peak:275.11M | Scene, ViewLayer | Updating Geometry BVH low poly_Material.001_0 1/2 | Packing BVH nodes
Fra:2 Mem:344.24M (Peak 734.33M) | Time:00:01.43 | Mem:275.11M, Peak:275.11M | Scene, ViewLayer | Updating Geometry BVH low poly_Material.001_0 1/2 | Packing BVH triangles and strands
Fra:2 Mem:344.25M (Peak 734.33M) | Time:00:01.43 | Mem:275.11M, Peak:275.11M | Scene, ViewLayer | Updating Geometry BVH low poly_Material.001_0 1/2 | Packing BVH nodes
Fra:2 Mem:344.18M (Peak 734.33M) | Time:00:01.43 | Mem:275.11M, Peak:275.11M | Scene, ViewLayer | Updating Scene BVH | Building
Fra:2 Mem:344.18M (Peak 734.33M) | Time:00:01.43 | Mem:275.11M, Peak:275.11M | Scene, ViewLayer | Updating Scene BVH | Building BVH
Fra:2 Mem:347.30M (Peak 734.33M) | Time:00:01.46 | Mem:275.11M, Peak:275.11M | Scene, ViewLayer | Updating Scene BVH | Packing BVH triangles and strands
Fra:2 Mem:347.51M (Peak 734.33M) | Time:00:01.46 | Mem:275.11M, Peak:275.11M | Scene, ViewLayer | Updating Scene BVH | Packing BVH nodes
Fra:2 Mem:347.65M (Peak 734.33M) | Time:00:01.46 | Mem:275.11M, Peak:275.11M | Scene, ViewLayer | Updating Scene BVH | Copying BVH to device
Fra:2 Mem:347.65M (Peak 734.33M) | Time:00:01.47 | Mem:276.85M, Peak:276.85M | Scene, ViewLayer | Updating Mesh | Computing normals
Fra:2 Mem:350.33M (Peak 734.33M) | Time:00:01.47 | Mem:276.85M, Peak:276.85M | Scene, ViewLayer | Updating Mesh | Copying Mesh to device
Fra:2 Mem:350.33M (Peak 734.33M) | Time:00:01.47 | Mem:279.53M, Peak:279.53M | Scene, ViewLayer | Updating Objects Flags
Fra:2 Mem:350.33M (Peak 734.33M) | Time:00:01.47 | Mem:279.53M, Peak:279.53M | Scene, ViewLayer | Updating Primitive Offsets
Fra:2 Mem:350.33M (Peak 734.33M) | Time:00:01.47 | Mem:279.53M, Peak:279.53M | Scene, ViewLayer | Updating Images
Fra:2 Mem:350.33M (Peak 734.33M) | Time:00:01.47 | Mem:279.53M, Peak:279.53M | Scene, ViewLayer | Updating Images | Loading kloofendal_48d_partly_cloudy_puresky_2k.hdr
Fra:2 Mem:382.33M (Peak 734.33M) | Time:00:01.55 | Mem:311.53M, Peak:311.53M | Scene, ViewLayer | Updating Camera Volume
Fra:2 Mem:382.33M (Peak 734.33M) | Time:00:01.55 | Mem:311.53M, Peak:311.53M | Scene, ViewLayer | Updating Lookup Tables
Fra:2 Mem:382.33M (Peak 734.33M) | Time:00:01.55 | Mem:311.53M, Peak:311.53M | Scene, ViewLayer | Updating Lights
Fra:2 Mem:382.33M (Peak 734.33M) | Time:00:01.55 | Mem:311.53M, Peak:311.53M | Scene, ViewLayer | Updating Lights | Importance map
Fra:2 Mem:446.36M (Peak 734.33M) | Time:00:01.86 | Mem:375.56M, Peak:375.56M | Scene, ViewLayer | Updating Lights | Computing distribution
Fra:2 Mem:446.36M (Peak 734.33M) | Time:00:01.86 | Mem:375.56M, Peak:375.56M | Scene, ViewLayer | Updating Lights | Computing tree
Fra:2 Mem:446.36M (Peak 734.33M) | Time:00:01.86 | Mem:375.56M, Peak:375.56M | Scene, ViewLayer | Updating Integrator
Fra:2 Mem:447.36M (Peak 734.33M) | Time:00:01.86 | Mem:376.56M, Peak:376.56M | Scene, ViewLayer | Updating Film
Fra:2 Mem:447.37M (Peak 734.33M) | Time:00:01.86 | Mem:376.56M, Peak:376.56M | Scene, ViewLayer | Updating Lookup Tables
Fra:2 Mem:447.37M (Peak 734.33M) | Time:00:01.86 | Mem:376.57M, Peak:376.57M | Scene, ViewLayer | Updating Baking
Fra:2 Mem:447.37M (Peak 734.33M) | Time:00:01.86 | Mem:376.57M, Peak:376.57M | Scene, ViewLayer | Updating Device | Writing constant memory
Fra:2 Mem:447.37M (Peak 734.33M) | Time:00:01.86 | Mem:376.57M, Peak:376.57M | Scene, ViewLayer | Loading denoising kernels (may take a few minutes the first time)
Fra:2 Mem:510.42M (Peak 734.33M) | Time:00:01.93 | Mem:376.57M, Peak:376.57M | Scene, ViewLayer | Sample 0/64
Fra:2 Mem:577.23M (Peak 734.33M) | Time:00:01.95 | Remaining:00:00.72 | Mem:376.57M, Peak:376.57M | Scene, ViewLayer | Sample 1/64
Fra:2 Mem:672.20M (Peak 734.33M) | Time:00:02.50 | Mem:443.36M, Peak:443.36M | Scene, ViewLayer | Sample 64/64
Fra:2 Mem:672.20M (Peak 734.33M) | Time:00:02.50 | Mem:443.36M, Peak:443.36M | Scene, ViewLayer | Finished
Append frame 2
 Time: 00:03.26 (Saving: 00:00.05)

Fra:3 Mem:66.69M (Peak 734.33M) | Time:00:00.54 | Mem:0.00M, Peak:0.00M | Scene, ViewLayer | Synchronizing object | Object_4
Fra:3 Mem:66.70M (Peak 734.33M) | Time:00:00.54 | Mem:0.00M, Peak:0.00M | Scene, ViewLayer | Synchronizing object | Object_30
Fra:3 Mem:66.79M (Peak 734.33M) | Time:00:00.54 | Mem:0.00M, Peak:0.00M | Scene, ViewLayer | Synchronizing object | tennis_old
Fra:3 Mem:72.91M (Peak 734.33M) | Time:00:00.57 | Mem:0.00M, Peak:0.00M | Scene, ViewLayer | Initializing
Fra:3 Mem:72.81M (Peak 734.33M) | Time:00:00.57 | Mem:0.00M, Peak:0.00M | Scene, ViewLayer | Updating Images | Loading Image_0.002
Fra:3 Mem:72.81M (Peak 734.33M) | Time:00:00.57 | Mem:0.00M, Peak:0.00M | Scene, ViewLayer | Updating Images | Loading Image_16
Fra:3 Mem:76.81M (Peak 734.33M) | Time:00:00.57 | Mem:0.00M, Peak:0.00M | Scene, ViewLayer | Updating Images | Loading Image_15
Fra:3 Mem:340.04M (Peak 734.33M) | Time:00:00.97 | Mem:272.00M, Peak:272.00M | Scene, ViewLayer | Waiting for render to start
Fra:3 Mem:340.04M (Peak 734.33M) | Time:00:00.97 | Mem:272.00M, Peak:272.00M | Scene, ViewLayer | Loading render kernels (may take a few minutes the first time)
Fra:3 Mem:340.04M (Peak 734.33M) | Time:00:01.32 | Mem:272.00M, Peak:272.00M | Scene, ViewLayer | Updating Scene
Fra:3 Mem:340.04M (Peak 734.33M) | Time:00:01.32 | Mem:272.00M, Peak:272.00M | Scene, ViewLayer | Updating Shaders
Fra:3 Mem:340.05M (Peak 734.33M) | Time:00:01.32 | Mem:272.01M, Peak:272.01M | Scene, ViewLayer | Updating Procedurals
Fra:3 Mem:340.05M (Peak 734.33M) | Time:00:01.32 | Mem:272.01M, Peak:272.01M | Scene, ViewLayer | Updating Background
Fra:3 Mem:340.05M (Peak 734.33M) | Time:00:01.32 | Mem:272.01M, Peak:272.01M | Scene, ViewLayer | Updating Camera
Fra:3 Mem:340.05M (Peak 734.33M) | Time:00:01.32 | Mem:272.01M, Peak:272.01M | Scene, ViewLayer | Updating Meshes Flags
Fra:3 Mem:340.05M (Peak 734.33M) | Time:00:01.32 | Mem:272.01M, Peak:272.01M | Scene, ViewLayer | Updating Objects
Fra:3 Mem:340.05M (Peak 734.33M) | Time:00:01.32 | Mem:272.01M, Peak:272.01M | Scene, ViewLayer | Updating Objects | Copying Transformations to device
Fra:3 Mem:340.05M (Peak 734.33M) | Time:00:01.33 | Mem:272.01M, Peak:272.01M | Scene, ViewLayer | Updating Objects | Applying Static Transformations
Fra:3 Mem:340.05M (Peak 734.33M) | Time:00:01.33 | Mem:272.01M, Peak:272.01M | Scene, ViewLayer | Updating Particle Systems
Fra:3 Mem:340.05M (Peak 734.33M) | Time:00:01.33 | Mem:272.01M, Peak:272.01M | Scene, ViewLayer | Updating Particle Systems | Copying Particles to device
Fra:3 Mem:340.05M (Peak 734.33M) | Time:00:01.33 | Mem:272.01M, Peak:272.01M | Scene, ViewLayer | Updating Meshes
Fra:3 Mem:340.95M (Peak 734.33M) | Time:00:01.33 | Mem:272.01M, Peak:272.01M | Scene, ViewLayer | Updating Mesh | Computing attributes
Fra:3 Mem:344.07M (Peak 734.33M) | Time:00:01.33 | Mem:272.02M, Peak:272.02M | Scene, ViewLayer | Updating Mesh | Copying Attributes to device
Fra:3 Mem:344.05M (Peak 734.33M) | Time:00:01.33 | Mem:275.11M, Peak:275.11M | Scene, ViewLayer | Updating Geometry BVH low poly_Material.001_0.001 2/2 | Building BVH
Fra:3 Mem:344.18M (Peak 734.33M) | Time:00:01.33 | Mem:275.11M, Peak:275.11M | Scene, ViewLayer | Updating Geometry BVH low poly_Material.001_0 1/2 | Building BVH
Fra:3 Mem:344.31M (Peak 734.33M) | Time:00:01.33 | Mem:275.11M, Peak:275.11M | Scene, ViewLayer | Updating Geometry BVH low poly_Material.001_0 1/2 | Packing BVH triangles and strands
Fra:3 Mem:344.32M (Peak 734.33M) | Time:00:01.33 | Mem:275.11M, Peak:275.11M | Scene, ViewLayer | Updating Geometry BVH low poly_Material.001_0 1/2 | Packing BVH nodes
Fra:3 Mem:344.25M (Peak 734.33M) | Time:00:01.34 | Mem:275.11M, Peak:275.11M | Scene, ViewLayer | Updating Geometry BVH low poly_Material.001_0 1/2 | Packing BVH triangles and strands
Fra:3 Mem:344.25M (Peak 734.33M) | Time:00:01.34 | Mem:275.11M, Peak:275.11M | Scene, ViewLayer | Updating Geometry BVH low poly_Material.001_0 1/2 | Packing BVH nodes
Fra:3 Mem:344.18M (Peak 734.33M) | Time:00:01.34 | Mem:275.11M, Peak:275.11M | Scene, ViewLayer | Updating Scene BVH | Building
Fra:3 Mem:344.18M (Peak 734.33M) | Time:00:01.34 | Mem:275.11M, Peak:275.11M | Scene, ViewLayer | Updating Scene BVH | Building BVH
Fra:3 Mem:347.30M (Peak 734.33M) | Time:00:01.36 | Mem:275.11M, Peak:275.11M | Scene, ViewLayer | Updating Scene BVH | Packing BVH triangles and strands
Fra:3 Mem:347.51M (Peak 734.33M) | Time:00:01.36 | Mem:275.11M, Peak:275.11M | Scene, ViewLayer | Updating Scene BVH | Packing BVH nodes
Fra:3 Mem:347.65M (Peak 734.33M) | Time:00:01.37 | Mem:275.11M, Peak:275.11M | Scene, ViewLayer | Updating Scene BVH | Copying BVH to device
Fra:3 Mem:347.65M (Peak 734.33M) | Time:00:01.37 | Mem:276.85M, Peak:276.85M | Scene, ViewLayer | Updating Mesh | Computing normals
Fra:3 Mem:350.33M (Peak 734.33M) | Time:00:01.37 | Mem:276.85M, Peak:276.85M | Scene, ViewLayer | Updating Mesh | Copying Mesh to device
Fra:3 Mem:350.33M (Peak 734.33M) | Time:00:01.37 | Mem:279.53M, Peak:279.53M | Scene, ViewLayer | Updating Objects Flags
Fra:3 Mem:350.33M (Peak 734.33M) | Time:00:01.37 | Mem:279.53M, Peak:279.53M | Scene, ViewLayer | Updating Primitive Offsets
Fra:3 Mem:350.33M (Peak 734.33M) | Time:00:01.37 | Mem:279.53M, Peak:279.53M | Scene, ViewLayer | Updating Images
Fra:3 Mem:350.33M (Peak 734.33M) | Time:00:01.37 | Mem:279.53M, Peak:279.53M | Scene, ViewLayer | Updating Images | Loading kloofendal_48d_partly_cloudy_puresky_2k.hdr
Fra:3 Mem:382.33M (Peak 734.33M) | Time:00:01.46 | Mem:311.53M, Peak:311.53M | Scene, ViewLayer | Updating Camera Volume
Fra:3 Mem:382.33M (Peak 734.33M) | Time:00:01.46 | Mem:311.53M, Peak:311.53M | Scene, ViewLayer | Updating Lookup Tables
Fra:3 Mem:382.33M (Peak 734.33M) | Time:00:01.46 | Mem:311.53M, Peak:311.53M | Scene, ViewLayer | Updating Lights
Fra:3 Mem:382.33M (Peak 734.33M) | Time:00:01.46 | Mem:311.53M, Peak:311.53M | Scene, ViewLayer | Updating Lights | Importance map
Fra:3 Mem:446.36M (Peak 734.33M) | Time:00:01.76 | Mem:375.56M, Peak:375.56M | Scene, ViewLayer | Updating Lights | Computing distribution
Fra:3 Mem:446.36M (Peak 734.33M) | Time:00:01.76 | Mem:375.56M, Peak:375.56M | Scene, ViewLayer | Updating Lights | Computing tree
Fra:3 Mem:446.36M (Peak 734.33M) | Time:00:01.76 | Mem:375.56M, Peak:375.56M | Scene, ViewLayer | Updating Integrator
Fra:3 Mem:447.36M (Peak 734.33M) | Time:00:01.77 | Mem:376.56M, Peak:376.56M | Scene, ViewLayer | Updating Film
Fra:3 Mem:447.36M (Peak 734.33M) | Time:00:01.77 | Mem:376.56M, Peak:376.56M | Scene, ViewLayer | Updating Lookup Tables
Fra:3 Mem:447.36M (Peak 734.33M) | Time:00:01.77 | Mem:376.57M, Peak:376.57M | Scene, ViewLayer | Updating Baking
Fra:3 Mem:447.36M (Peak 734.33M) | Time:00:01.77 | Mem:376.57M, Peak:376.57M | Scene, ViewLayer | Updating Device | Writing constant memory
Fra:3 Mem:447.36M (Peak 734.33M) | Time:00:01.77 | Mem:376.57M, Peak:376.57M | Scene, ViewLayer | Loading denoising kernels (may take a few minutes the first time)
Fra:3 Mem:510.42M (Peak 734.33M) | Time:00:01.84 | Mem:376.57M, Peak:376.57M | Scene, ViewLayer | Sample 0/64
Fra:3 Mem:577.23M (Peak 734.33M) | Time:00:01.85 | Remaining:00:00.78 | Mem:376.57M, Peak:376.57M | Scene, ViewLayer | Sample 1/64
Fra:3 Mem:672.20M (Peak 734.33M) | Time:00:02.51 | Mem:443.36M, Peak:443.36M | Scene, ViewLayer | Sample 64/64
Fra:3 Mem:672.20M (Peak 734.33M) | Time:00:02.51 | Mem:443.36M, Peak:443.36M | Scene, ViewLayer | Finished
Append frame 3
 Time: 00:03.26 (Saving: 00:00.05)

Fra:4 Mem:66.69M (Peak 734.33M) | Time:00:00.55 | Mem:0.00M, Peak:0.00M | Scene, ViewLayer | Synchronizing object | Object_4
Fra:4 Mem:66.70M (Peak 734.33M) | Time:00:00.55 | Mem:0.00M, Peak:0.00M | Scene, ViewLayer | Synchronizing object | Object_28
Fra:4 Mem:66.71M (Peak 734.33M) | Time:00:00.55 | Mem:0.00M, Peak:0.00M | Scene, ViewLayer | Synchronizing object | tennis_old
Fra:4 Mem:72.91M (Peak 734.33M) | Time:00:00.58 | Mem:0.00M, Peak:0.00M | Scene, ViewLayer | Initializing
Fra:4 Mem:72.81M (Peak 734.33M) | Time:00:00.58 | Mem:0.00M, Peak:0.00M | Scene, ViewLayer | Updating Images | Loading Image_0.002
Fra:4 Mem:76.81M (Peak 734.33M) | Time:00:00.58 | Mem:0.00M, Peak:0.00M | Scene, ViewLayer | Updating Images | Loading Image_7
Fra:4 Mem:76.81M (Peak 734.33M) | Time:00:00.58 | Mem:0.00M, Peak:0.00M | Scene, ViewLayer | Updating Images | Loading Image_11
Fra:4 Mem:340.04M (Peak 734.33M) | Time:00:01.00 | Mem:272.00M, Peak:272.00M | Scene, ViewLayer | Waiting for render to start
Fra:4 Mem:340.04M (Peak 734.33M) | Time:00:01.00 | Mem:272.00M, Peak:272.00M | Scene, ViewLayer | Loading render kernels (may take a few minutes the first time)
Fra:4 Mem:340.04M (Peak 734.33M) | Time:00:01.36 | Mem:272.00M, Peak:272.00M | Scene, ViewLayer | Updating Scene
Fra:4 Mem:340.04M (Peak 734.33M) | Time:00:01.36 | Mem:272.00M, Peak:272.00M | Scene, ViewLayer | Updating Shaders
Fra:4 Mem:340.05M (Peak 734.33M) | Time:00:01.36 | Mem:272.01M, Peak:272.01M | Scene, ViewLayer | Updating Procedurals
Fra:4 Mem:340.05M (Peak 734.33M) | Time:00:01.36 | Mem:272.01M, Peak:272.01M | Scene, ViewLayer | Updating Background
Fra:4 Mem:340.05M (Peak 734.33M) | Time:00:01.36 | Mem:272.01M, Peak:272.01M | Scene, ViewLayer | Updating Camera
Fra:4 Mem:340.05M (Peak 734.33M) | Time:00:01.36 | Mem:272.01M, Peak:272.01M | Scene, ViewLayer | Updating Meshes Flags
Fra:4 Mem:340.05M (Peak 734.33M) | Time:00:01.36 | Mem:272.01M, Peak:272.01M | Scene, ViewLayer | Updating Objects
Fra:4 Mem:340.05M (Peak 734.33M) | Time:00:01.36 | Mem:272.01M, Peak:272.01M | Scene, ViewLayer | Updating Objects | Copying Transformations to device
Fra:4 Mem:340.05M (Peak 734.33M) | Time:00:01.36 | Mem:272.01M, Peak:272.01M | Scene, ViewLayer | Updating Objects | Applying Static Transformations
Fra:4 Mem:340.05M (Peak 734.33M) | Time:00:01.36 | Mem:272.01M, Peak:272.01M | Scene, ViewLayer | Updating Particle Systems
Fra:4 Mem:340.05M (Peak 734.33M) | Time:00:01.36 | Mem:272.01M, Peak:272.01M | Scene, ViewLayer | Updating Particle Systems | Copying Particles to device
Fra:4 Mem:340.05M (Peak 734.33M) | Time:00:01.36 | Mem:272.01M, Peak:272.01M | Scene, ViewLayer | Updating Meshes
Fra:4 Mem:340.95M (Peak 734.33M) | Time:00:01.36 | Mem:272.01M, Peak:272.01M | Scene, ViewLayer | Updating Mesh | Computing attributes
Fra:4 Mem:344.07M (Peak 734.33M) | Time:00:01.36 | Mem:272.02M, Peak:272.02M | Scene, ViewLayer | Updating Mesh | Copying Attributes to device
Fra:4 Mem:344.05M (Peak 734.33M) | Time:00:01.37 | Mem:275.11M, Peak:275.11M | Scene, ViewLayer | Updating Geometry BVH low poly_Material.001_0.001 2/2 | Building BVH
Fra:4 Mem:344.18M (Peak 734.33M) | Time:00:01.37 | Mem:275.11M, Peak:275.11M | Scene, ViewLayer | Updating Geometry BVH low poly_Material.001_0 1/2 | Building BVH
Fra:4 Mem:344.31M (Peak 734.33M) | Time:00:01.37 | Mem:275.11M, Peak:275.11M | Scene, ViewLayer | Updating Geometry BVH low poly_Material.001_0 1/2 | Packing BVH triangles and strands
Fra:4 Mem:344.32M (Peak 734.33M) | Time:00:01.37 | Mem:275.11M, Peak:275.11M | Scene, ViewLayer | Updating Geometry BVH low poly_Material.001_0 1/2 | Packing BVH nodes
Fra:4 Mem:344.25M (Peak 734.33M) | Time:00:01.37 | Mem:275.11M, Peak:275.11M | Scene, ViewLayer | Updating Geometry BVH low poly_Material.001_0 1/2 | Packing BVH triangles and strands
Fra:4 Mem:344.25M (Peak 734.33M) | Time:00:01.37 | Mem:275.11M, Peak:275.11M | Scene, ViewLayer | Updating Geometry BVH low poly_Material.001_0 1/2 | Packing BVH nodes
Fra:4 Mem:344.18M (Peak 734.33M) | Time:00:01.38 | Mem:275.11M, Peak:275.11M | Scene, ViewLayer | Updating Scene BVH | Building
Fra:4 Mem:344.18M (Peak 734.33M) | Time:00:01.38 | Mem:275.11M, Peak:275.11M | Scene, ViewLayer | Updating Scene BVH | Building BVH
Fra:4 Mem:347.30M (Peak 734.33M) | Time:00:01.40 | Mem:275.11M, Peak:275.11M | Scene, ViewLayer | Updating Scene BVH | Packing BVH triangles and strands
Fra:4 Mem:347.51M (Peak 734.33M) | Time:00:01.40 | Mem:275.11M, Peak:275.11M | Scene, ViewLayer | Updating Scene BVH | Packing BVH nodes
Fra:4 Mem:347.65M (Peak 734.33M) | Time:00:01.40 | Mem:275.11M, Peak:275.11M | Scene, ViewLayer | Updating Scene BVH | Copying BVH to device
Fra:4 Mem:347.65M (Peak 734.33M) | Time:00:01.41 | Mem:276.85M, Peak:276.85M | Scene, ViewLayer | Updating Mesh | Computing normals
Fra:4 Mem:350.33M (Peak 734.33M) | Time:00:01.41 | Mem:276.85M, Peak:276.85M | Scene, ViewLayer | Updating Mesh | Copying Mesh to device
Fra:4 Mem:350.33M (Peak 734.33M) | Time:00:01.41 | Mem:279.53M, Peak:279.53M | Scene, ViewLayer | Updating Objects Flags
Fra:4 Mem:350.33M (Peak 734.33M) | Time:00:01.41 | Mem:279.53M, Peak:279.53M | Scene, ViewLayer | Updating Primitive Offsets
Fra:4 Mem:350.33M (Peak 734.33M) | Time:00:01.41 | Mem:279.53M, Peak:279.53M | Scene, ViewLayer | Updating Images
Fra:4 Mem:350.33M (Peak 734.33M) | Time:00:01.41 | Mem:279.53M, Peak:279.53M | Scene, ViewLayer | Updating Images | Loading kloofendal_48d_partly_cloudy_puresky_2k.hdr
Fra:4 Mem:382.33M (Peak 734.33M) | Time:00:01.49 | Mem:311.53M, Peak:311.53M | Scene, ViewLayer | Updating Camera Volume
Fra:4 Mem:382.33M (Peak 734.33M) | Time:00:01.49 | Mem:311.53M, Peak:311.53M | Scene, ViewLayer | Updating Lookup Tables
Fra:4 Mem:382.33M (Peak 734.33M) | Time:00:01.49 | Mem:311.53M, Peak:311.53M | Scene, ViewLayer | Updating Lights
Fra:4 Mem:382.33M (Peak 734.33M) | Time:00:01.49 | Mem:311.53M, Peak:311.53M | Scene, ViewLayer | Updating Lights | Importance map
Fra:4 Mem:446.36M (Peak 734.33M) | Time:00:01.80 | Mem:375.56M, Peak:375.56M | Scene, ViewLayer | Updating Lights | Computing distribution
Fra:4 Mem:446.36M (Peak 734.33M) | Time:00:01.80 | Mem:375.56M, Peak:375.56M | Scene, ViewLayer | Updating Lights | Computing tree
Fra:4 Mem:446.36M (Peak 734.33M) | Time:00:01.80 | Mem:375.56M, Peak:375.56M | Scene, ViewLayer | Updating Integrator
Fra:4 Mem:447.36M (Peak 734.33M) | Time:00:01.80 | Mem:376.56M, Peak:376.56M | Scene, ViewLayer | Updating Film
Fra:4 Mem:447.37M (Peak 734.33M) | Time:00:01.80 | Mem:376.56M, Peak:376.56M | Scene, ViewLayer | Updating Lookup Tables
Fra:4 Mem:447.37M (Peak 734.33M) | Time:00:01.80 | Mem:376.57M, Peak:376.57M | Scene, ViewLayer | Updating Baking
Fra:4 Mem:447.37M (Peak 734.33M) | Time:00:01.80 | Mem:376.57M, Peak:376.57M | Scene, ViewLayer | Updating Device | Writing constant memory
Fra:4 Mem:447.37M (Peak 734.33M) | Time:00:01.80 | Mem:376.57M, Peak:376.57M | Scene, ViewLayer | Loading denoising kernels (may take a few minutes the first time)
Fra:4 Mem:510.42M (Peak 734.33M) | Time:00:01.87 | Mem:376.57M, Peak:376.57M | Scene, ViewLayer | Sample 0/64
Fra:4 Mem:577.24M (Peak 734.33M) | Time:00:01.89 | Remaining:00:00.77 | Mem:376.57M, Peak:376.57M | Scene, ViewLayer | Sample 1/64
Fra:4 Mem:672.20M (Peak 734.33M) | Time:00:02.50 | Mem:443.36M, Peak:443.36M | Scene, ViewLayer | Sample 64/64
Fra:4 Mem:672.20M (Peak 734.33M) | Time:00:02.50 | Mem:443.36M, Peak:443.36M | Scene, ViewLayer | Finished
Append frame 4
 Time: 00:03.24 (Saving: 00:00.05)

Fra:5 Mem:66.69M (Peak 734.33M) | Time:00:00.53 | Mem:0.00M, Peak:0.00M | Scene, ViewLayer | Synchronizing object | Object_4
Fra:5 Mem:66.70M (Peak 734.33M) | Time:00:00.53 | Mem:0.00M, Peak:0.00M | Scene, ViewLayer | Synchronizing object | Object_26
Fra:5 Mem:66.79M (Peak 734.33M) | Time:00:00.53 | Mem:0.00M, Peak:0.00M | Scene, ViewLayer | Synchronizing object | tennis_old
Fra:5 Mem:72.91M (Peak 734.33M) | Time:00:00.56 | Mem:0.00M, Peak:0.00M | Scene, ViewLayer | Initializing
Fra:5 Mem:72.81M (Peak 734.33M) | Time:00:00.56 | Mem:0.00M, Peak:0.00M | Scene, ViewLayer | Updating Images | Loading Image_0
Fra:5 Mem:72.81M (Peak 734.33M) | Time:00:00.56 | Mem:0.00M, Peak:0.00M | Scene, ViewLayer | Updating Images | Loading Image_15
Fra:5 Mem:340.04M (Peak 734.33M) | Time:00:00.97 | Mem:272.00M, Peak:272.00M | Scene, ViewLayer | Waiting for render to start
Fra:5 Mem:340.04M (Peak 734.33M) | Time:00:00.97 | Mem:272.00M, Peak:272.00M | Scene, ViewLayer | Loading render kernels (may take a few minutes the first time)
Fra:5 Mem:340.04M (Peak 734.33M) | Time:00:01.31 | Mem:272.00M, Peak:272.00M | Scene, ViewLayer | Updating Scene
Fra:5 Mem:340.04M (Peak 734.33M) | Time:00:01.31 | Mem:272.00M, Peak:272.00M | Scene, ViewLayer | Updating Shaders
Fra:5 Mem:340.05M (Peak 734.33M) | Time:00:01.31 | Mem:272.01M, Peak:272.01M | Scene, ViewLayer | Updating Procedurals
Fra:5 Mem:340.05M (Peak 734.33M) | Time:00:01.31 | Mem:272.01M, Peak:272.01M | Scene, ViewLayer | Updating Background
Fra:5 Mem:340.05M (Peak 734.33M) | Time:00:01.31 | Mem:272.01M, Peak:272.01M | Scene, ViewLayer | Updating Camera
Fra:5 Mem:340.05M (Peak 734.33M) | Time:00:01.31 | Mem:272.01M, Peak:272.01M | Scene, ViewLayer | Updating Meshes Flags
Fra:5 Mem:340.05M (Peak 734.33M) | Time:00:01.31 | Mem:272.01M, Peak:272.01M | Scene, ViewLayer | Updating Objects
Fra:5 Mem:340.05M (Peak 734.33M) | Time:00:01.31 | Mem:272.01M, Peak:272.01M | Scene, ViewLayer | Updating Objects | Copying Transformations to device
Fra:5 Mem:340.05M (Peak 734.33M) | Time:00:01.31 | Mem:272.01M, Peak:272.01M | Scene, ViewLayer | Updating Objects | Applying Static Transformations
Fra:5 Mem:340.05M (Peak 734.33M) | Time:00:01.31 | Mem:272.01M, Peak:272.01M | Scene, ViewLayer | Updating Particle Systems
Fra:5 Mem:340.05M (Peak 734.33M) | Time:00:01.31 | Mem:272.01M, Peak:272.01M | Scene, ViewLayer | Updating Particle Systems | Copying Particles to device
Fra:5 Mem:340.05M (Peak 734.33M) | Time:00:01.31 | Mem:272.01M, Peak:272.01M | Scene, ViewLayer | Updating Meshes
Fra:5 Mem:340.95M (Peak 734.33M) | Time:00:01.31 | Mem:272.01M, Peak:272.01M | Scene, ViewLayer | Updating Mesh | Computing attributes
Fra:5 Mem:344.07M (Peak 734.33M) | Time:00:01.31 | Mem:272.02M, Peak:272.02M | Scene, ViewLayer | Updating Mesh | Copying Attributes to device
Fra:5 Mem:344.05M (Peak 734.33M) | Time:00:01.32 | Mem:275.11M, Peak:275.11M | Scene, ViewLayer | Updating Geometry BVH low poly_Material.001_0.001 2/2 | Building BVH
Fra:5 Mem:344.18M (Peak 734.33M) | Time:00:01.32 | Mem:275.11M, Peak:275.11M | Scene, ViewLayer | Updating Geometry BVH low poly_Material.001_0 1/2 | Building BVH
Fra:5 Mem:344.31M (Peak 734.33M) | Time:00:01.32 | Mem:275.11M, Peak:275.11M | Scene, ViewLayer | Updating Geometry BVH low poly_Material.001_0 1/2 | Packing BVH triangles and strands
Fra:5 Mem:344.32M (Peak 734.33M) | Time:00:01.32 | Mem:275.11M, Peak:275.11M | Scene, ViewLayer | Updating Geometry BVH low poly_Material.001_0 1/2 | Packing BVH nodes
Fra:5 Mem:344.25M (Peak 734.33M) | Time:00:01.32 | Mem:275.11M, Peak:275.11M | Scene, ViewLayer | Updating Geometry BVH low poly_Material.001_0 1/2 | Packing BVH triangles and strands
Fra:5 Mem:344.25M (Peak 734.33M) | Time:00:01.32 | Mem:275.11M, Peak:275.11M | Scene, ViewLayer | Updating Geometry BVH low poly_Material.001_0 1/2 | Packing BVH nodes
Fra:5 Mem:344.18M (Peak 734.33M) | Time:00:01.32 | Mem:275.11M, Peak:275.11M | Scene, ViewLayer | Updating Scene BVH | Building
Fra:5 Mem:344.18M (Peak 734.33M) | Time:00:01.32 | Mem:275.11M, Peak:275.11M | Scene, ViewLayer | Updating Scene BVH | Building BVH
Fra:5 Mem:347.30M (Peak 734.33M) | Time:00:01.35 | Mem:275.11M, Peak:275.11M | Scene, ViewLayer | Updating Scene BVH | Packing BVH triangles and strands
Fra:5 Mem:347.51M (Peak 734.33M) | Time:00:01.35 | Mem:275.11M, Peak:275.11M | Scene, ViewLayer | Updating Scene BVH | Packing BVH nodes
Fra:5 Mem:347.65M (Peak 734.33M) | Time:00:01.35 | Mem:275.11M, Peak:275.11M | Scene, ViewLayer | Updating Scene BVH | Copying BVH to device
Fra:5 Mem:347.65M (Peak 734.33M) | Time:00:01.35 | Mem:276.85M, Peak:276.85M | Scene, ViewLayer | Updating Mesh | Computing normals
Fra:5 Mem:350.33M (Peak 734.33M) | Time:00:01.36 | Mem:276.85M, Peak:276.85M | Scene, ViewLayer | Updating Mesh | Copying Mesh to device
Fra:5 Mem:350.33M (Peak 734.33M) | Time:00:01.36 | Mem:279.53M, Peak:279.53M | Scene, ViewLayer | Updating Objects Flags
Fra:5 Mem:350.33M (Peak 734.33M) | Time:00:01.36 | Mem:279.53M, Peak:279.53M | Scene, ViewLayer | Updating Primitive Offsets
Fra:5 Mem:350.33M (Peak 734.33M) | Time:00:01.36 | Mem:279.53M, Peak:279.53M | Scene, ViewLayer | Updating Images
Fra:5 Mem:350.33M (Peak 734.33M) | Time:00:01.36 | Mem:279.53M, Peak:279.53M | Scene, ViewLayer | Updating Images | Loading kloofendal_48d_partly_cloudy_puresky_2k.hdr
Fra:5 Mem:382.33M (Peak 734.33M) | Time:00:01.43 | Mem:311.53M, Peak:311.53M | Scene, ViewLayer | Updating Camera Volume
Fra:5 Mem:382.33M (Peak 734.33M) | Time:00:01.43 | Mem:311.53M, Peak:311.53M | Scene, ViewLayer | Updating Lookup Tables
Fra:5 Mem:382.33M (Peak 734.33M) | Time:00:01.43 | Mem:311.53M, Peak:311.53M | Scene, ViewLayer | Updating Lights
Fra:5 Mem:382.33M (Peak 734.33M) | Time:00:01.43 | Mem:311.53M, Peak:311.53M | Scene, ViewLayer | Updating Lights | Importance map
Fra:5 Mem:446.36M (Peak 734.33M) | Time:00:01.74 | Mem:375.56M, Peak:375.56M | Scene, ViewLayer | Updating Lights | Computing distribution
Fra:5 Mem:446.36M (Peak 734.33M) | Time:00:01.74 | Mem:375.56M, Peak:375.56M | Scene, ViewLayer | Updating Lights | Computing tree
Fra:5 Mem:446.36M (Peak 734.33M) | Time:00:01.74 | Mem:375.56M, Peak:375.56M | Scene, ViewLayer | Updating Integrator
Fra:5 Mem:447.36M (Peak 734.33M) | Time:00:01.74 | Mem:376.56M, Peak:376.56M | Scene, ViewLayer | Updating Film
Fra:5 Mem:447.37M (Peak 734.33M) | Time:00:01.74 | Mem:376.56M, Peak:376.56M | Scene, ViewLayer | Updating Lookup Tables
Fra:5 Mem:447.37M (Peak 734.33M) | Time:00:01.74 | Mem:376.57M, Peak:376.57M | Scene, ViewLayer | Updating Baking
Fra:5 Mem:447.37M (Peak 734.33M) | Time:00:01.74 | Mem:376.57M, Peak:376.57M | Scene, ViewLayer | Updating Device | Writing constant memory
Fra:5 Mem:447.37M (Peak 734.33M) | Time:00:01.74 | Mem:376.57M, Peak:376.57M | Scene, ViewLayer | Loading denoising kernels (may take a few minutes the first time)
Fra:5 Mem:510.42M (Peak 734.33M) | Time:00:01.81 | Mem:376.57M, Peak:376.57M | Scene, ViewLayer | Sample 0/64
Fra:5 Mem:577.24M (Peak 734.33M) | Time:00:01.82 | Remaining:00:00.74 | Mem:376.57M, Peak:376.57M | Scene, ViewLayer | Sample 1/64
Fra:5 Mem:672.20M (Peak 734.33M) | Time:00:02.41 | Mem:443.36M, Peak:443.36M | Scene, ViewLayer | Sample 64/64
Fra:5 Mem:672.20M (Peak 734.33M) | Time:00:02.41 | Mem:443.36M, Peak:443.36M | Scene, ViewLayer | Finished
Append frame 5
 Time: 00:03.16 (Saving: 00:00.05)

Fra:6 Mem:66.69M (Peak 734.33M) | Time:00:00.55 | Mem:0.00M, Peak:0.00M | Scene, ViewLayer | Synchronizing object | Object_6
Fra:6 Mem:66.70M (Peak 734.33M) | Time:00:00.55 | Mem:0.00M, Peak:0.00M | Scene, ViewLayer | Synchronizing object | Object_36
Fra:6 Mem:66.83M (Peak 734.33M) | Time:00:00.55 | Mem:0.00M, Peak:0.00M | Scene, ViewLayer | Synchronizing object | tennis_old
Fra:6 Mem:72.91M (Peak 734.33M) | Time:00:00.58 | Mem:0.00M, Peak:0.00M | Scene, ViewLayer | Initializing
Fra:6 Mem:72.81M (Peak 734.33M) | Time:00:00.58 | Mem:0.00M, Peak:0.00M | Scene, ViewLayer | Updating Images | Loading Image_0
Fra:6 Mem:72.81M (Peak 734.33M) | Time:00:00.58 | Mem:0.00M, Peak:0.00M | Scene, ViewLayer | Updating Images | Loading Image_0.001
Fra:6 Mem:340.04M (Peak 734.33M) | Time:00:00.99 | Mem:272.00M, Peak:272.00M | Scene, ViewLayer | Waiting for render to start
Fra:6 Mem:340.04M (Peak 734.33M) | Time:00:00.99 | Mem:272.00M, Peak:272.00M | Scene, ViewLayer | Loading render kernels (may take a few minutes the first time)
Fra:6 Mem:340.04M (Peak 734.33M) | Time:00:01.34 | Mem:272.00M, Peak:272.00M | Scene, ViewLayer | Updating Scene
Fra:6 Mem:340.04M (Peak 734.33M) | Time:00:01.34 | Mem:272.00M, Peak:272.00M | Scene, ViewLayer | Updating Shaders
Fra:6 Mem:340.05M (Peak 734.33M) | Time:00:01.34 | Mem:272.01M, Peak:272.01M | Scene, ViewLayer | Updating Procedurals
Fra:6 Mem:340.05M (Peak 734.33M) | Time:00:01.34 | Mem:272.01M, Peak:272.01M | Scene, ViewLayer | Updating Background
Fra:6 Mem:340.05M (Peak 734.33M) | Time:00:01.34 | Mem:272.01M, Peak:272.01M | Scene, ViewLayer | Updating Camera
Fra:6 Mem:340.05M (Peak 734.33M) | Time:00:01.34 | Mem:272.01M, Peak:272.01M | Scene, ViewLayer | Updating Meshes Flags
Fra:6 Mem:340.05M (Peak 734.33M) | Time:00:01.34 | Mem:272.01M, Peak:272.01M | Scene, ViewLayer | Updating Objects
Fra:6 Mem:340.05M (Peak 734.33M) | Time:00:01.34 | Mem:272.01M, Peak:272.01M | Scene, ViewLayer | Updating Objects | Copying Transformations to device
Fra:6 Mem:340.05M (Peak 734.33M) | Time:00:01.34 | Mem:272.01M, Peak:272.01M | Scene, ViewLayer | Updating Objects | Applying Static Transformations
Fra:6 Mem:340.05M (Peak 734.33M) | Time:00:01.34 | Mem:272.01M, Peak:272.01M | Scene, ViewLayer | Updating Particle Systems
Fra:6 Mem:340.05M (Peak 734.33M) | Time:00:01.34 | Mem:272.01M, Peak:272.01M | Scene, ViewLayer | Updating Particle Systems | Copying Particles to device
Fra:6 Mem:340.05M (Peak 734.33M) | Time:00:01.34 | Mem:272.01M, Peak:272.01M | Scene, ViewLayer | Updating Meshes
Fra:6 Mem:340.95M (Peak 734.33M) | Time:00:01.35 | Mem:272.01M, Peak:272.01M | Scene, ViewLayer | Updating Mesh | Computing attributes
Fra:6 Mem:344.07M (Peak 734.33M) | Time:00:01.35 | Mem:272.02M, Peak:272.02M | Scene, ViewLayer | Updating Mesh | Copying Attributes to device
Fra:6 Mem:344.05M (Peak 734.33M) | Time:00:01.35 | Mem:275.11M, Peak:275.11M | Scene, ViewLayer | Updating Geometry BVH low poly_Material.001_0.001 2/2 | Building BVH
Fra:6 Mem:344.18M (Peak 734.33M) | Time:00:01.35 | Mem:275.11M, Peak:275.11M | Scene, ViewLayer | Updating Geometry BVH low poly_Material.001_0 1/2 | Building BVH
Fra:6 Mem:344.31M (Peak 734.33M) | Time:00:01.35 | Mem:275.11M, Peak:275.11M | Scene, ViewLayer | Updating Geometry BVH low poly_Material.001_0 1/2 | Packing BVH triangles and strands
Fra:6 Mem:344.32M (Peak 734.33M) | Time:00:01.35 | Mem:275.11M, Peak:275.11M | Scene, ViewLayer | Updating Geometry BVH low poly_Material.001_0 1/2 | Packing BVH nodes
Fra:6 Mem:344.25M (Peak 734.33M) | Time:00:01.36 | Mem:275.11M, Peak:275.11M | Scene, ViewLayer | Updating Geometry BVH low poly_Material.001_0 1/2 | Packing BVH triangles and strands
Fra:6 Mem:344.26M (Peak 734.33M) | Time:00:01.36 | Mem:275.11M, Peak:275.11M | Scene, ViewLayer | Updating Geometry BVH low poly_Material.001_0 1/2 | Packing BVH nodes
Fra:6 Mem:344.18M (Peak 734.33M) | Time:00:01.36 | Mem:275.11M, Peak:275.11M | Scene, ViewLayer | Updating Scene BVH | Building
Fra:6 Mem:344.18M (Peak 734.33M) | Time:00:01.36 | Mem:275.11M, Peak:275.11M | Scene, ViewLayer | Updating Scene BVH | Building BVH
Fra:6 Mem:347.30M (Peak 734.33M) | Time:00:01.38 | Mem:275.11M, Peak:275.11M | Scene, ViewLayer | Updating Scene BVH | Packing BVH triangles and strands
Fra:6 Mem:347.51M (Peak 734.33M) | Time:00:01.38 | Mem:275.11M, Peak:275.11M | Scene, ViewLayer | Updating Scene BVH | Packing BVH nodes
Fra:6 Mem:347.64M (Peak 734.33M) | Time:00:01.38 | Mem:275.11M, Peak:275.11M | Scene, ViewLayer | Updating Scene BVH | Copying BVH to device
Fra:6 Mem:347.64M (Peak 734.33M) | Time:00:01.38 | Mem:276.84M, Peak:276.84M | Scene, ViewLayer | Updating Mesh | Computing normals
Fra:6 Mem:350.32M (Peak 734.33M) | Time:00:01.39 | Mem:276.84M, Peak:276.84M | Scene, ViewLayer | Updating Mesh | Copying Mesh to device
Fra:6 Mem:350.32M (Peak 734.33M) | Time:00:01.39 | Mem:279.53M, Peak:279.53M | Scene, ViewLayer | Updating Objects Flags
Fra:6 Mem:350.32M (Peak 734.33M) | Time:00:01.39 | Mem:279.53M, Peak:279.53M | Scene, ViewLayer | Updating Primitive Offsets
Fra:6 Mem:350.32M (Peak 734.33M) | Time:00:01.39 | Mem:279.53M, Peak:279.53M | Scene, ViewLayer | Updating Images
Fra:6 Mem:350.32M (Peak 734.33M) | Time:00:01.39 | Mem:279.53M, Peak:279.53M | Scene, ViewLayer | Updating Images | Loading kloofendal_48d_partly_cloudy_puresky_2k.hdr
Fra:6 Mem:382.32M (Peak 734.33M) | Time:00:01.47 | Mem:311.53M, Peak:311.53M | Scene, ViewLayer | Updating Camera Volume
Fra:6 Mem:382.32M (Peak 734.33M) | Time:00:01.47 | Mem:311.53M, Peak:311.53M | Scene, ViewLayer | Updating Lookup Tables
Fra:6 Mem:382.32M (Peak 734.33M) | Time:00:01.47 | Mem:311.53M, Peak:311.53M | Scene, ViewLayer | Updating Lights
Fra:6 Mem:382.33M (Peak 734.33M) | Time:00:01.47 | Mem:311.53M, Peak:311.53M | Scene, ViewLayer | Updating Lights | Importance map
Fra:6 Mem:446.36M (Peak 734.33M) | Time:00:01.77 | Mem:375.56M, Peak:375.56M | Scene, ViewLayer | Updating Lights | Computing distribution
Fra:6 Mem:446.36M (Peak 734.33M) | Time:00:01.77 | Mem:375.56M, Peak:375.56M | Scene, ViewLayer | Updating Lights | Computing tree
Fra:6 Mem:446.36M (Peak 734.33M) | Time:00:01.77 | Mem:375.56M, Peak:375.56M | Scene, ViewLayer | Updating Integrator
Fra:6 Mem:447.36M (Peak 734.33M) | Time:00:01.77 | Mem:376.56M, Peak:376.56M | Scene, ViewLayer | Updating Film
Fra:6 Mem:447.36M (Peak 734.33M) | Time:00:01.77 | Mem:376.56M, Peak:376.56M | Scene, ViewLayer | Updating Lookup Tables
Fra:6 Mem:447.36M (Peak 734.33M) | Time:00:01.77 | Mem:376.56M, Peak:376.56M | Scene, ViewLayer | Updating Baking
Fra:6 Mem:447.36M (Peak 734.33M) | Time:00:01.77 | Mem:376.56M, Peak:376.56M | Scene, ViewLayer | Updating Device | Writing constant memory
Fra:6 Mem:447.36M (Peak 734.33M) | Time:00:01.77 | Mem:376.56M, Peak:376.56M | Scene, ViewLayer | Loading denoising kernels (may take a few minutes the first time)
Fra:6 Mem:510.42M (Peak 734.33M) | Time:00:01.87 | Mem:376.56M, Peak:376.56M | Scene, ViewLayer | Sample 0/64
Fra:6 Mem:577.23M (Peak 734.33M) | Time:00:01.89 | Remaining:00:00.76 | Mem:376.56M, Peak:376.56M | Scene, ViewLayer | Sample 1/64
Fra:6 Mem:672.19M (Peak 734.33M) | Time:00:02.46 | Mem:443.36M, Peak:443.36M | Scene, ViewLayer | Sample 64/64
Fra:6 Mem:672.19M (Peak 734.33M) | Time:00:02.46 | Mem:443.36M, Peak:443.36M | Scene, ViewLayer | Finished
Append frame 6
 Time: 00:03.20 (Saving: 00:00.05)

Fra:7 Mem:66.69M (Peak 734.33M) | Time:00:00.54 | Mem:0.00M, Peak:0.00M | Scene, ViewLayer | Synchronizing object | Object_4
Fra:7 Mem:66.70M (Peak 734.33M) | Time:00:00.54 | Mem:0.00M, Peak:0.00M | Scene, ViewLayer | Synchronizing object | Object_32
Fra:7 Mem:66.79M (Peak 734.33M) | Time:00:00.54 | Mem:0.00M, Peak:0.00M | Scene, ViewLayer | Synchronizing object | tennis_old
Fra:7 Mem:72.91M (Peak 734.33M) | Time:00:00.57 | Mem:0.00M, Peak:0.00M | Scene, ViewLayer | Initializing
Fra:7 Mem:72.81M (Peak 734.33M) | Time:00:00.57 | Mem:0.00M, Peak:0.00M | Scene, ViewLayer | Updating Images | Loading Image_0
Fra:7 Mem:72.81M (Peak 734.33M) | Time:00:00.57 | Mem:0.00M, Peak:0.00M | Scene, ViewLayer | Updating Images | Loading Image_0.001
Fra:7 Mem:76.81M (Peak 734.33M) | Time:00:00.57 | Mem:0.00M, Peak:0.00M | Scene, ViewLayer | Updating Images | Loading Image_11
Fra:7 Mem:340.03M (Peak 761.03M) | Time:00:01.00 | Mem:272.00M, Peak:272.00M | Scene, ViewLayer | Waiting for render to start
Fra:7 Mem:340.03M (Peak 761.03M) | Time:00:01.00 | Mem:272.00M, Peak:272.00M | Scene, ViewLayer | Loading render kernels (may take a few minutes the first time)
Fra:7 Mem:340.03M (Peak 761.03M) | Time:00:01.34 | Mem:272.00M, Peak:272.00M | Scene, ViewLayer | Updating Scene
Fra:7 Mem:340.03M (Peak 761.03M) | Time:00:01.34 | Mem:272.00M, Peak:272.00M | Scene, ViewLayer | Updating Shaders
Fra:7 Mem:340.04M (Peak 761.03M) | Time:00:01.34 | Mem:272.01M, Peak:272.01M | Scene, ViewLayer | Updating Procedurals
Fra:7 Mem:340.04M (Peak 761.03M) | Time:00:01.34 | Mem:272.01M, Peak:272.01M | Scene, ViewLayer | Updating Background
Fra:7 Mem:340.04M (Peak 761.03M) | Time:00:01.34 | Mem:272.01M, Peak:272.01M | Scene, ViewLayer | Updating Camera
Fra:7 Mem:340.04M (Peak 761.03M) | Time:00:01.34 | Mem:272.01M, Peak:272.01M | Scene, ViewLayer | Updating Meshes Flags
Fra:7 Mem:340.04M (Peak 761.03M) | Time:00:01.34 | Mem:272.01M, Peak:272.01M | Scene, ViewLayer | Updating Objects
Fra:7 Mem:340.04M (Peak 761.03M) | Time:00:01.34 | Mem:272.01M, Peak:272.01M | Scene, ViewLayer | Updating Objects | Copying Transformations to device
Fra:7 Mem:340.04M (Peak 761.03M) | Time:00:01.34 | Mem:272.01M, Peak:272.01M | Scene, ViewLayer | Updating Objects | Applying Static Transformations
Fra:7 Mem:340.04M (Peak 761.03M) | Time:00:01.34 | Mem:272.01M, Peak:272.01M | Scene, ViewLayer | Updating Particle Systems
Fra:7 Mem:340.04M (Peak 761.03M) | Time:00:01.34 | Mem:272.01M, Peak:272.01M | Scene, ViewLayer | Updating Particle Systems | Copying Particles to device
Fra:7 Mem:340.04M (Peak 761.03M) | Time:00:01.34 | Mem:272.01M, Peak:272.01M | Scene, ViewLayer | Updating Meshes
Fra:7 Mem:340.94M (Peak 761.03M) | Time:00:01.34 | Mem:272.01M, Peak:272.01M | Scene, ViewLayer | Updating Mesh | Computing attributes
Fra:7 Mem:344.06M (Peak 761.03M) | Time:00:01.34 | Mem:272.02M, Peak:272.02M | Scene, ViewLayer | Updating Mesh | Copying Attributes to device
Fra:7 Mem:344.04M (Peak 761.03M) | Time:00:01.35 | Mem:275.11M, Peak:275.11M | Scene, ViewLayer | Updating Geometry BVH low poly_Material.001_0.001 2/2 | Building BVH
Fra:7 Mem:344.17M (Peak 761.03M) | Time:00:01.35 | Mem:275.11M, Peak:275.11M | Scene, ViewLayer | Updating Geometry BVH low poly_Material.001_0 1/2 | Building BVH
Fra:7 Mem:344.30M (Peak 761.03M) | Time:00:01.35 | Mem:275.11M, Peak:275.11M | Scene, ViewLayer | Updating Geometry BVH low poly_Material.001_0 1/2 | Packing BVH triangles and strands
Fra:7 Mem:344.31M (Peak 761.03M) | Time:00:01.35 | Mem:275.11M, Peak:275.11M | Scene, ViewLayer | Updating Geometry BVH low poly_Material.001_0 1/2 | Packing BVH nodes
Fra:7 Mem:344.23M (Peak 761.03M) | Time:00:01.35 | Mem:275.11M, Peak:275.11M | Scene, ViewLayer | Updating Geometry BVH low poly_Material.001_0 1/2 | Packing BVH triangles and strands
Fra:7 Mem:344.24M (Peak 761.03M) | Time:00:01.35 | Mem:275.11M, Peak:275.11M | Scene, ViewLayer | Updating Geometry BVH low poly_Material.001_0 1/2 | Packing BVH nodes
Fra:7 Mem:344.17M (Peak 761.03M) | Time:00:01.35 | Mem:275.11M, Peak:275.11M | Scene, ViewLayer | Updating Scene BVH | Building
Fra:7 Mem:344.17M (Peak 761.03M) | Time:00:01.35 | Mem:275.11M, Peak:275.11M | Scene, ViewLayer | Updating Scene BVH | Building BVH
Fra:7 Mem:347.29M (Peak 761.03M) | Time:00:01.38 | Mem:275.11M, Peak:275.11M | Scene, ViewLayer | Updating Scene BVH | Packing BVH triangles and strands
Fra:7 Mem:347.50M (Peak 761.03M) | Time:00:01.38 | Mem:275.11M, Peak:275.11M | Scene, ViewLayer | Updating Scene BVH | Packing BVH nodes
Fra:7 Mem:347.64M (Peak 761.03M) | Time:00:01.38 | Mem:275.11M, Peak:275.11M | Scene, ViewLayer | Updating Scene BVH | Copying BVH to device
Fra:7 Mem:347.64M (Peak 761.03M) | Time:00:01.39 | Mem:276.85M, Peak:276.85M | Scene, ViewLayer | Updating Mesh | Computing normals
Fra:7 Mem:350.32M (Peak 761.03M) | Time:00:01.39 | Mem:276.85M, Peak:276.85M | Scene, ViewLayer | Updating Mesh | Copying Mesh to device
Fra:7 Mem:350.32M (Peak 761.03M) | Time:00:01.39 | Mem:279.53M, Peak:279.53M | Scene, ViewLayer | Updating Objects Flags
Fra:7 Mem:350.32M (Peak 761.03M) | Time:00:01.39 | Mem:279.53M, Peak:279.53M | Scene, ViewLayer | Updating Primitive Offsets
Fra:7 Mem:350.32M (Peak 761.03M) | Time:00:01.39 | Mem:279.53M, Peak:279.53M | Scene, ViewLayer | Updating Images
Fra:7 Mem:350.32M (Peak 761.03M) | Time:00:01.39 | Mem:279.53M, Peak:279.53M | Scene, ViewLayer | Updating Images | Loading kloofendal_48d_partly_cloudy_puresky_2k.hdr
Fra:7 Mem:382.32M (Peak 761.03M) | Time:00:01.46 | Mem:311.53M, Peak:311.53M | Scene, ViewLayer | Updating Camera Volume
Fra:7 Mem:382.32M (Peak 761.03M) | Time:00:01.46 | Mem:311.53M, Peak:311.53M | Scene, ViewLayer | Updating Lookup Tables
Fra:7 Mem:382.32M (Peak 761.03M) | Time:00:01.46 | Mem:311.53M, Peak:311.53M | Scene, ViewLayer | Updating Lights
Fra:7 Mem:382.32M (Peak 761.03M) | Time:00:01.46 | Mem:311.53M, Peak:311.53M | Scene, ViewLayer | Updating Lights | Importance map
Fra:7 Mem:446.35M (Peak 761.03M) | Time:00:01.76 | Mem:375.56M, Peak:375.56M | Scene, ViewLayer | Updating Lights | Computing distribution
Fra:7 Mem:446.35M (Peak 761.03M) | Time:00:01.76 | Mem:375.56M, Peak:375.56M | Scene, ViewLayer | Updating Lights | Computing tree
Fra:7 Mem:446.35M (Peak 761.03M) | Time:00:01.76 | Mem:375.56M, Peak:375.56M | Scene, ViewLayer | Updating Integrator
Fra:7 Mem:447.35M (Peak 761.03M) | Time:00:01.77 | Mem:376.56M, Peak:376.56M | Scene, ViewLayer | Updating Film
Fra:7 Mem:447.36M (Peak 761.03M) | Time:00:01.77 | Mem:376.56M, Peak:376.56M | Scene, ViewLayer | Updating Lookup Tables
Fra:7 Mem:447.36M (Peak 761.03M) | Time:00:01.77 | Mem:376.57M, Peak:376.57M | Scene, ViewLayer | Updating Baking
Fra:7 Mem:447.36M (Peak 761.03M) | Time:00:01.77 | Mem:376.57M, Peak:376.57M | Scene, ViewLayer | Updating Device | Writing constant memory
Fra:7 Mem:447.36M (Peak 761.03M) | Time:00:01.77 | Mem:376.57M, Peak:376.57M | Scene, ViewLayer | Loading denoising kernels (may take a few minutes the first time)
Fra:7 Mem:510.41M (Peak 761.03M) | Time:00:01.84 | Mem:376.57M, Peak:376.57M | Scene, ViewLayer | Sample 0/64
Fra:7 Mem:577.22M (Peak 761.03M) | Time:00:01.85 | Remaining:00:00.71 | Mem:376.57M, Peak:376.57M | Scene, ViewLayer | Sample 1/64
Fra:7 Mem:672.19M (Peak 761.03M) | Time:00:02.44 | Mem:443.36M, Peak:443.36M | Scene, ViewLayer | Sample 64/64
Fra:7 Mem:672.19M (Peak 761.03M) | Time:00:02.44 | Mem:443.36M, Peak:443.36M | Scene, ViewLayer | Finished
Append frame 7
 Time: 00:03.17 (Saving: 00:00.05)

Fra:8 Mem:66.69M (Peak 761.03M) | Time:00:00.54 | Mem:0.00M, Peak:0.00M | Scene, ViewLayer | Synchronizing object | Object_4
Fra:8 Mem:66.70M (Peak 761.03M) | Time:00:00.54 | Mem:0.00M, Peak:0.00M | Scene, ViewLayer | Synchronizing object | tennis_old
Fra:8 Mem:72.91M (Peak 761.03M) | Time:00:00.57 | Mem:0.00M, Peak:0.00M | Scene, ViewLayer | Initializing
Fra:8 Mem:72.81M (Peak 761.03M) | Time:00:00.57 | Mem:0.00M, Peak:0.00M | Scene, ViewLayer | Updating Images | Loading Image_0.002
Fra:8 Mem:72.81M (Peak 761.03M) | Time:00:00.57 | Mem:0.00M, Peak:0.00M | Scene, ViewLayer | Updating Images | Loading Image_9
Fra:8 Mem:76.81M (Peak 761.03M) | Time:00:00.57 | Mem:0.00M, Peak:0.00M | Scene, ViewLayer | Updating Images | Loading Image_0.001
Fra:8 Mem:340.04M (Peak 761.03M) | Time:00:00.98 | Mem:272.00M, Peak:272.00M | Scene, ViewLayer | Waiting for render to start
Fra:8 Mem:340.04M (Peak 761.03M) | Time:00:00.98 | Mem:272.00M, Peak:272.00M | Scene, ViewLayer | Loading render kernels (may take a few minutes the first time)
Fra:8 Mem:340.04M (Peak 761.03M) | Time:00:01.32 | Mem:272.00M, Peak:272.00M | Scene, ViewLayer | Updating Scene
Fra:8 Mem:340.04M (Peak 761.03M) | Time:00:01.32 | Mem:272.00M, Peak:272.00M | Scene, ViewLayer | Updating Shaders
Fra:8 Mem:340.05M (Peak 761.03M) | Time:00:01.33 | Mem:272.01M, Peak:272.01M | Scene, ViewLayer | Updating Procedurals
Fra:8 Mem:340.05M (Peak 761.03M) | Time:00:01.33 | Mem:272.01M, Peak:272.01M | Scene, ViewLayer | Updating Background
Fra:8 Mem:340.05M (Peak 761.03M) | Time:00:01.33 | Mem:272.01M, Peak:272.01M | Scene, ViewLayer | Updating Camera
Fra:8 Mem:340.05M (Peak 761.03M) | Time:00:01.33 | Mem:272.01M, Peak:272.01M | Scene, ViewLayer | Updating Meshes Flags
Fra:8 Mem:340.05M (Peak 761.03M) | Time:00:01.33 | Mem:272.01M, Peak:272.01M | Scene, ViewLayer | Updating Objects
Fra:8 Mem:340.05M (Peak 761.03M) | Time:00:01.33 | Mem:272.01M, Peak:272.01M | Scene, ViewLayer | Updating Objects | Copying Transformations to device
Fra:8 Mem:340.06M (Peak 761.03M) | Time:00:01.33 | Mem:272.01M, Peak:272.01M | Scene, ViewLayer | Updating Objects | Applying Static Transformations
Fra:8 Mem:340.06M (Peak 761.03M) | Time:00:01.33 | Mem:272.01M, Peak:272.01M | Scene, ViewLayer | Updating Particle Systems
Fra:8 Mem:340.06M (Peak 761.03M) | Time:00:01.33 | Mem:272.01M, Peak:272.01M | Scene, ViewLayer | Updating Particle Systems | Copying Particles to device
Fra:8 Mem:340.06M (Peak 761.03M) | Time:00:01.33 | Mem:272.01M, Peak:272.01M | Scene, ViewLayer | Updating Meshes
Fra:8 Mem:340.96M (Peak 761.03M) | Time:00:01.33 | Mem:272.01M, Peak:272.01M | Scene, ViewLayer | Updating Mesh | Computing attributes
Fra:8 Mem:344.07M (Peak 761.03M) | Time:00:01.33 | Mem:272.02M, Peak:272.02M | Scene, ViewLayer | Updating Mesh | Copying Attributes to device
Fra:8 Mem:344.05M (Peak 761.03M) | Time:00:01.33 | Mem:275.11M, Peak:275.11M | Scene, ViewLayer | Updating Geometry BVH low poly_Material.001_0.001 2/2 | Building BVH
Fra:8 Mem:344.18M (Peak 761.03M) | Time:00:01.33 | Mem:275.11M, Peak:275.11M | Scene, ViewLayer | Updating Geometry BVH low poly_Material.001_0 1/2 | Building BVH
Fra:8 Mem:344.31M (Peak 761.03M) | Time:00:01.33 | Mem:275.11M, Peak:275.11M | Scene, ViewLayer | Updating Geometry BVH low poly_Material.001_0 1/2 | Packing BVH triangles and strands
Fra:8 Mem:344.32M (Peak 761.03M) | Time:00:01.33 | Mem:275.11M, Peak:275.11M | Scene, ViewLayer | Updating Geometry BVH low poly_Material.001_0 1/2 | Packing BVH nodes
Fra:8 Mem:344.25M (Peak 761.03M) | Time:00:01.34 | Mem:275.11M, Peak:275.11M | Scene, ViewLayer | Updating Geometry BVH low poly_Material.001_0 1/2 | Packing BVH triangles and strands
Fra:8 Mem:344.26M (Peak 761.03M) | Time:00:01.34 | Mem:275.11M, Peak:275.11M | Scene, ViewLayer | Updating Geometry BVH low poly_Material.001_0 1/2 | Packing BVH nodes
Fra:8 Mem:344.18M (Peak 761.03M) | Time:00:01.34 | Mem:275.11M, Peak:275.11M | Scene, ViewLayer | Updating Scene BVH | Building
Fra:8 Mem:344.18M (Peak 761.03M) | Time:00:01.34 | Mem:275.11M, Peak:275.11M | Scene, ViewLayer | Updating Scene BVH | Building BVH
Fra:8 Mem:347.30M (Peak 761.03M) | Time:00:01.36 | Mem:275.11M, Peak:275.11M | Scene, ViewLayer | Updating Scene BVH | Packing BVH triangles and strands
Fra:8 Mem:347.51M (Peak 761.03M) | Time:00:01.36 | Mem:275.11M, Peak:275.11M | Scene, ViewLayer | Updating Scene BVH | Packing BVH nodes
Fra:8 Mem:347.64M (Peak 761.03M) | Time:00:01.36 | Mem:275.11M, Peak:275.11M | Scene, ViewLayer | Updating Scene BVH | Copying BVH to device
Fra:8 Mem:347.64M (Peak 761.03M) | Time:00:01.37 | Mem:276.84M, Peak:276.84M | Scene, ViewLayer | Updating Mesh | Computing normals
Fra:8 Mem:350.33M (Peak 761.03M) | Time:00:01.37 | Mem:276.84M, Peak:276.84M | Scene, ViewLayer | Updating Mesh | Copying Mesh to device
Fra:8 Mem:350.33M (Peak 761.03M) | Time:00:01.37 | Mem:279.53M, Peak:279.53M | Scene, ViewLayer | Updating Objects Flags
Fra:8 Mem:350.33M (Peak 761.03M) | Time:00:01.37 | Mem:279.53M, Peak:279.53M | Scene, ViewLayer | Updating Primitive Offsets
Fra:8 Mem:350.33M (Peak 761.03M) | Time:00:01.37 | Mem:279.53M, Peak:279.53M | Scene, ViewLayer | Updating Images
Fra:8 Mem:350.33M (Peak 761.03M) | Time:00:01.37 | Mem:279.53M, Peak:279.53M | Scene, ViewLayer | Updating Images | Loading kloofendal_48d_partly_cloudy_puresky_2k.hdr
Fra:8 Mem:382.33M (Peak 761.03M) | Time:00:01.46 | Mem:311.53M, Peak:311.53M | Scene, ViewLayer | Updating Camera Volume
Fra:8 Mem:382.33M (Peak 761.03M) | Time:00:01.46 | Mem:311.53M, Peak:311.53M | Scene, ViewLayer | Updating Lookup Tables
Fra:8 Mem:382.33M (Peak 761.03M) | Time:00:01.46 | Mem:311.53M, Peak:311.53M | Scene, ViewLayer | Updating Lights
Fra:8 Mem:382.33M (Peak 761.03M) | Time:00:01.46 | Mem:311.53M, Peak:311.53M | Scene, ViewLayer | Updating Lights | Importance map
Fra:8 Mem:446.36M (Peak 761.03M) | Time:00:01.82 | Mem:375.56M, Peak:375.56M | Scene, ViewLayer | Updating Lights | Computing distribution
Fra:8 Mem:446.36M (Peak 761.03M) | Time:00:01.82 | Mem:375.56M, Peak:375.56M | Scene, ViewLayer | Updating Lights | Computing tree
Fra:8 Mem:446.36M (Peak 761.03M) | Time:00:01.82 | Mem:375.56M, Peak:375.56M | Scene, ViewLayer | Updating Integrator
Fra:8 Mem:447.36M (Peak 761.03M) | Time:00:01.82 | Mem:376.56M, Peak:376.56M | Scene, ViewLayer | Updating Film
Fra:8 Mem:447.36M (Peak 761.03M) | Time:00:01.82 | Mem:376.56M, Peak:376.56M | Scene, ViewLayer | Updating Lookup Tables
Fra:8 Mem:447.36M (Peak 761.03M) | Time:00:01.82 | Mem:376.56M, Peak:376.56M | Scene, ViewLayer | Updating Baking
Fra:8 Mem:447.36M (Peak 761.03M) | Time:00:01.82 | Mem:376.56M, Peak:376.56M | Scene, ViewLayer | Updating Device | Writing constant memory
Fra:8 Mem:447.36M (Peak 761.03M) | Time:00:01.82 | Mem:376.56M, Peak:376.56M | Scene, ViewLayer | Loading denoising kernels (may take a few minutes the first time)
Fra:8 Mem:510.42M (Peak 761.03M) | Time:00:01.89 | Mem:376.56M, Peak:376.56M | Scene, ViewLayer | Sample 0/64
Fra:8 Mem:577.23M (Peak 761.03M) | Time:00:01.91 | Remaining:00:00.78 | Mem:376.56M, Peak:376.56M | Scene, ViewLayer | Sample 1/64
Fra:8 Mem:672.19M (Peak 761.03M) | Time:00:02.46 | Mem:443.36M, Peak:443.36M | Scene, ViewLayer | Sample 64/64
Fra:8 Mem:672.19M (Peak 761.03M) | Time:00:02.46 | Mem:443.36M, Peak:443.36M | Scene, ViewLayer | Finished
Append frame 8
 Time: 00:03.20 (Saving: 00:00.05)

Fra:9 Mem:66.69M (Peak 761.03M) | Time:00:00.54 | Mem:0.00M, Peak:0.00M | Scene, ViewLayer | Synchronizing object | Object_4
Fra:9 Mem:66.70M (Peak 761.03M) | Time:00:00.54 | Mem:0.00M, Peak:0.00M | Scene, ViewLayer | Synchronizing object | Object_6
Fra:9 Mem:66.79M (Peak 761.03M) | Time:00:00.54 | Mem:0.00M, Peak:0.00M | Scene, ViewLayer | Synchronizing object | Object_22
Fra:9 Mem:66.94M (Peak 761.03M) | Time:00:00.54 | Mem:0.00M, Peak:0.00M | Scene, ViewLayer | Synchronizing object | Object_36
Fra:9 Mem:67.17M (Peak 761.03M) | Time:00:00.54 | Mem:0.00M, Peak:0.00M | Scene, ViewLayer | Synchronizing object | tennis_old
Fra:9 Mem:72.91M (Peak 761.03M) | Time:00:00.56 | Mem:0.00M, Peak:0.00M | Scene, ViewLayer | Initializing
Fra:9 Mem:72.81M (Peak 761.03M) | Time:00:00.57 | Mem:0.00M, Peak:0.00M | Scene, ViewLayer | Updating Images | Loading Image_0
Fra:9 Mem:72.81M (Peak 761.03M) | Time:00:00.57 | Mem:0.00M, Peak:0.00M | Scene, ViewLayer | Updating Images | Loading Image_16
Fra:9 Mem:340.04M (Peak 761.03M) | Time:00:00.98 | Mem:272.00M, Peak:272.00M | Scene, ViewLayer | Waiting for render to start
Fra:9 Mem:340.04M (Peak 761.03M) | Time:00:00.98 | Mem:272.00M, Peak:272.00M | Scene, ViewLayer | Loading render kernels (may take a few minutes the first time)
Fra:9 Mem:340.04M (Peak 761.03M) | Time:00:01.32 | Mem:272.00M, Peak:272.00M | Scene, ViewLayer | Updating Scene
Fra:9 Mem:340.04M (Peak 761.03M) | Time:00:01.32 | Mem:272.00M, Peak:272.00M | Scene, ViewLayer | Updating Shaders
Fra:9 Mem:340.05M (Peak 761.03M) | Time:00:01.32 | Mem:272.01M, Peak:272.01M | Scene, ViewLayer | Updating Procedurals
Fra:9 Mem:340.05M (Peak 761.03M) | Time:00:01.32 | Mem:272.01M, Peak:272.01M | Scene, ViewLayer | Updating Background
Fra:9 Mem:340.05M (Peak 761.03M) | Time:00:01.32 | Mem:272.01M, Peak:272.01M | Scene, ViewLayer | Updating Camera
Fra:9 Mem:340.05M (Peak 761.03M) | Time:00:01.32 | Mem:272.01M, Peak:272.01M | Scene, ViewLayer | Updating Meshes Flags
Fra:9 Mem:340.05M (Peak 761.03M) | Time:00:01.32 | Mem:272.01M, Peak:272.01M | Scene, ViewLayer | Updating Objects
Fra:9 Mem:340.05M (Peak 761.03M) | Time:00:01.32 | Mem:272.01M, Peak:272.01M | Scene, ViewLayer | Updating Objects | Copying Transformations to device
Fra:9 Mem:340.06M (Peak 761.03M) | Time:00:01.32 | Mem:272.01M, Peak:272.01M | Scene, ViewLayer | Updating Objects | Applying Static Transformations
Fra:9 Mem:340.06M (Peak 761.03M) | Time:00:01.32 | Mem:272.01M, Peak:272.01M | Scene, ViewLayer | Updating Particle Systems
Fra:9 Mem:340.06M (Peak 761.03M) | Time:00:01.32 | Mem:272.01M, Peak:272.01M | Scene, ViewLayer | Updating Particle Systems | Copying Particles to device
Fra:9 Mem:340.06M (Peak 761.03M) | Time:00:01.32 | Mem:272.01M, Peak:272.01M | Scene, ViewLayer | Updating Meshes
Fra:9 Mem:340.96M (Peak 761.03M) | Time:00:01.32 | Mem:272.01M, Peak:272.01M | Scene, ViewLayer | Updating Mesh | Computing attributes
Fra:9 Mem:344.07M (Peak 761.03M) | Time:00:01.33 | Mem:272.02M, Peak:272.02M | Scene, ViewLayer | Updating Mesh | Copying Attributes to device
Fra:9 Mem:344.06M (Peak 761.03M) | Time:00:01.33 | Mem:275.11M, Peak:275.11M | Scene, ViewLayer | Updating Geometry BVH low poly_Material.001_0.001 2/2 | Building BVH
Fra:9 Mem:344.18M (Peak 761.03M) | Time:00:01.33 | Mem:275.11M, Peak:275.11M | Scene, ViewLayer | Updating Geometry BVH low poly_Material.001_0 1/2 | Building BVH
Fra:9 Mem:344.31M (Peak 761.03M) | Time:00:01.33 | Mem:275.11M, Peak:275.11M | Scene, ViewLayer | Updating Geometry BVH low poly_Material.001_0 1/2 | Packing BVH triangles and strands
Fra:9 Mem:344.32M (Peak 761.03M) | Time:00:01.33 | Mem:275.11M, Peak:275.11M | Scene, ViewLayer | Updating Geometry BVH low poly_Material.001_0 1/2 | Packing BVH nodes
Fra:9 Mem:344.25M (Peak 761.03M) | Time:00:01.33 | Mem:275.11M, Peak:275.11M | Scene, ViewLayer | Updating Geometry BVH low poly_Material.001_0 1/2 | Packing BVH triangles and strands
Fra:9 Mem:344.26M (Peak 761.03M) | Time:00:01.33 | Mem:275.11M, Peak:275.11M | Scene, ViewLayer | Updating Geometry BVH low poly_Material.001_0 1/2 | Packing BVH nodes
Fra:9 Mem:344.18M (Peak 761.03M) | Time:00:01.34 | Mem:275.11M, Peak:275.11M | Scene, ViewLayer | Updating Scene BVH | Building
Fra:9 Mem:344.18M (Peak 761.03M) | Time:00:01.34 | Mem:275.11M, Peak:275.11M | Scene, ViewLayer | Updating Scene BVH | Building BVH
Fra:9 Mem:347.30M (Peak 761.03M) | Time:00:01.36 | Mem:275.11M, Peak:275.11M | Scene, ViewLayer | Updating Scene BVH | Packing BVH triangles and strands
Fra:9 Mem:347.51M (Peak 761.03M) | Time:00:01.36 | Mem:275.11M, Peak:275.11M | Scene, ViewLayer | Updating Scene BVH | Packing BVH nodes
Fra:9 Mem:347.65M (Peak 761.03M) | Time:00:01.36 | Mem:275.11M, Peak:275.11M | Scene, ViewLayer | Updating Scene BVH | Copying BVH to device
Fra:9 Mem:347.65M (Peak 761.03M) | Time:00:01.37 | Mem:276.85M, Peak:276.85M | Scene, ViewLayer | Updating Mesh | Computing normals
Fra:9 Mem:350.33M (Peak 761.03M) | Time:00:01.37 | Mem:276.85M, Peak:276.85M | Scene, ViewLayer | Updating Mesh | Copying Mesh to device
Fra:9 Mem:350.33M (Peak 761.03M) | Time:00:01.37 | Mem:279.53M, Peak:279.53M | Scene, ViewLayer | Updating Objects Flags
Fra:9 Mem:350.33M (Peak 761.03M) | Time:00:01.37 | Mem:279.53M, Peak:279.53M | Scene, ViewLayer | Updating Primitive Offsets
Fra:9 Mem:350.33M (Peak 761.03M) | Time:00:01.37 | Mem:279.53M, Peak:279.53M | Scene, ViewLayer | Updating Images
Fra:9 Mem:350.33M (Peak 761.03M) | Time:00:01.37 | Mem:279.53M, Peak:279.53M | Scene, ViewLayer | Updating Images | Loading kloofendal_48d_partly_cloudy_puresky_2k.hdr
Fra:9 Mem:382.33M (Peak 761.03M) | Time:00:01.45 | Mem:311.53M, Peak:311.53M | Scene, ViewLayer | Updating Camera Volume
Fra:9 Mem:382.33M (Peak 761.03M) | Time:00:01.45 | Mem:311.53M, Peak:311.53M | Scene, ViewLayer | Updating Lookup Tables
Fra:9 Mem:382.33M (Peak 761.03M) | Time:00:01.45 | Mem:311.53M, Peak:311.53M | Scene, ViewLayer | Updating Lights
Fra:9 Mem:382.33M (Peak 761.03M) | Time:00:01.45 | Mem:311.53M, Peak:311.53M | Scene, ViewLayer | Updating Lights | Importance map
Fra:9 Mem:446.37M (Peak 761.03M) | Time:00:01.76 | Mem:375.56M, Peak:375.56M | Scene, ViewLayer | Updating Lights | Computing distribution
Fra:9 Mem:446.37M (Peak 761.03M) | Time:00:01.76 | Mem:375.56M, Peak:375.56M | Scene, ViewLayer | Updating Lights | Computing tree
Fra:9 Mem:446.37M (Peak 761.03M) | Time:00:01.76 | Mem:375.56M, Peak:375.56M | Scene, ViewLayer | Updating Integrator
Fra:9 Mem:447.37M (Peak 761.03M) | Time:00:01.76 | Mem:376.56M, Peak:376.56M | Scene, ViewLayer | Updating Film
Fra:9 Mem:447.37M (Peak 761.03M) | Time:00:01.76 | Mem:376.56M, Peak:376.56M | Scene, ViewLayer | Updating Lookup Tables
Fra:9 Mem:447.37M (Peak 761.03M) | Time:00:01.76 | Mem:376.57M, Peak:376.57M | Scene, ViewLayer | Updating Baking
Fra:9 Mem:447.37M (Peak 761.03M) | Time:00:01.76 | Mem:376.57M, Peak:376.57M | Scene, ViewLayer | Updating Device | Writing constant memory
Fra:9 Mem:447.37M (Peak 761.03M) | Time:00:01.76 | Mem:376.57M, Peak:376.57M | Scene, ViewLayer | Loading denoising kernels (may take a few minutes the first time)
Fra:9 Mem:510.42M (Peak 761.03M) | Time:00:01.83 | Mem:376.57M, Peak:376.57M | Scene, ViewLayer | Sample 0/64
Fra:9 Mem:577.24M (Peak 761.03M) | Time:00:01.85 | Remaining:00:00.76 | Mem:376.57M, Peak:376.57M | Scene, ViewLayer | Sample 1/64
Fra:9 Mem:672.20M (Peak 761.03M) | Time:00:02.40 | Mem:443.36M, Peak:443.36M | Scene, ViewLayer | Sample 64/64
Fra:9 Mem:672.20M (Peak 761.03M) | Time:00:02.40 | Mem:443.36M, Peak:443.36M | Scene, ViewLayer | Finished
Append frame 9
 Time: 00:03.14 (Saving: 00:00.05)

Fra:10 Mem:66.69M (Peak 761.03M) | Time:00:00.54 | Mem:0.00M, Peak:0.00M | Scene, ViewLayer | Synchronizing object | Object_4
Fra:10 Mem:66.70M (Peak 761.03M) | Time:00:00.54 | Mem:0.00M, Peak:0.00M | Scene, ViewLayer | Synchronizing object | Object_30
Fra:10 Mem:66.80M (Peak 761.03M) | Time:00:00.54 | Mem:0.00M, Peak:0.00M | Scene, ViewLayer | Synchronizing object | tennis_old
Fra:10 Mem:72.91M (Peak 761.03M) | Time:00:00.57 | Mem:0.00M, Peak:0.00M | Scene, ViewLayer | Initializing
Fra:10 Mem:72.81M (Peak 761.03M) | Time:00:00.57 | Mem:0.00M, Peak:0.00M | Scene, ViewLayer | Updating Images | Loading Image_0
Fra:10 Mem:72.81M (Peak 761.03M) | Time:00:00.57 | Mem:0.00M, Peak:0.00M | Scene, ViewLayer | Updating Images | Loading Image_15
Fra:10 Mem:340.04M (Peak 761.03M) | Time:00:00.97 | Mem:272.00M, Peak:272.00M | Scene, ViewLayer | Waiting for render to start
Fra:10 Mem:340.04M (Peak 761.03M) | Time:00:00.98 | Mem:272.00M, Peak:272.00M | Scene, ViewLayer | Loading render kernels (may take a few minutes the first time)
Fra:10 Mem:340.04M (Peak 761.03M) | Time:00:01.32 | Mem:272.00M, Peak:272.00M | Scene, ViewLayer | Updating Scene
Fra:10 Mem:340.04M (Peak 761.03M) | Time:00:01.32 | Mem:272.00M, Peak:272.00M | Scene, ViewLayer | Updating Shaders
Fra:10 Mem:340.05M (Peak 761.03M) | Time:00:01.33 | Mem:272.01M, Peak:272.01M | Scene, ViewLayer | Updating Procedurals
Fra:10 Mem:340.05M (Peak 761.03M) | Time:00:01.33 | Mem:272.01M, Peak:272.01M | Scene, ViewLayer | Updating Background
Fra:10 Mem:340.05M (Peak 761.03M) | Time:00:01.33 | Mem:272.01M, Peak:272.01M | Scene, ViewLayer | Updating Camera
Fra:10 Mem:340.05M (Peak 761.03M) | Time:00:01.33 | Mem:272.01M, Peak:272.01M | Scene, ViewLayer | Updating Meshes Flags
Fra:10 Mem:340.05M (Peak 761.03M) | Time:00:01.33 | Mem:272.01M, Peak:272.01M | Scene, ViewLayer | Updating Objects
Fra:10 Mem:340.05M (Peak 761.03M) | Time:00:01.33 | Mem:272.01M, Peak:272.01M | Scene, ViewLayer | Updating Objects | Copying Transformations to device
Fra:10 Mem:340.06M (Peak 761.03M) | Time:00:01.33 | Mem:272.01M, Peak:272.01M | Scene, ViewLayer | Updating Objects | Applying Static Transformations
Fra:10 Mem:340.06M (Peak 761.03M) | Time:00:01.33 | Mem:272.01M, Peak:272.01M | Scene, ViewLayer | Updating Particle Systems
Fra:10 Mem:340.06M (Peak 761.03M) | Time:00:01.33 | Mem:272.01M, Peak:272.01M | Scene, ViewLayer | Updating Particle Systems | Copying Particles to device
Fra:10 Mem:340.06M (Peak 761.03M) | Time:00:01.33 | Mem:272.01M, Peak:272.01M | Scene, ViewLayer | Updating Meshes
Fra:10 Mem:340.96M (Peak 761.03M) | Time:00:01.33 | Mem:272.01M, Peak:272.01M | Scene, ViewLayer | Updating Mesh | Computing attributes
Fra:10 Mem:344.07M (Peak 761.03M) | Time:00:01.33 | Mem:272.02M, Peak:272.02M | Scene, ViewLayer | Updating Mesh | Copying Attributes to device
Fra:10 Mem:344.06M (Peak 761.03M) | Time:00:01.33 | Mem:275.11M, Peak:275.11M | Scene, ViewLayer | Updating Geometry BVH low poly_Material.001_0.001 2/2 | Building BVH
Fra:10 Mem:344.17M (Peak 761.03M) | Time:00:01.33 | Mem:275.11M, Peak:275.11M | Scene, ViewLayer | Updating Geometry BVH low poly_Material.001_0 1/2 | Building BVH
Fra:10 Mem:344.31M (Peak 761.03M) | Time:00:01.34 | Mem:275.11M, Peak:275.11M | Scene, ViewLayer | Updating Geometry BVH low poly_Material.001_0 1/2 | Packing BVH triangles and strands
Fra:10 Mem:344.32M (Peak 761.03M) | Time:00:01.34 | Mem:275.11M, Peak:275.11M | Scene, ViewLayer | Updating Geometry BVH low poly_Material.001_0 1/2 | Packing BVH nodes
Fra:10 Mem:344.25M (Peak 761.03M) | Time:00:01.34 | Mem:275.11M, Peak:275.11M | Scene, ViewLayer | Updating Geometry BVH low poly_Material.001_0 1/2 | Packing BVH triangles and strands
Fra:10 Mem:344.26M (Peak 761.03M) | Time:00:01.34 | Mem:275.11M, Peak:275.11M | Scene, ViewLayer | Updating Geometry BVH low poly_Material.001_0 1/2 | Packing BVH nodes
Fra:10 Mem:344.18M (Peak 761.03M) | Time:00:01.34 | Mem:275.11M, Peak:275.11M | Scene, ViewLayer | Updating Scene BVH | Building
Fra:10 Mem:344.18M (Peak 761.03M) | Time:00:01.34 | Mem:275.11M, Peak:275.11M | Scene, ViewLayer | Updating Scene BVH | Building BVH
Fra:10 Mem:347.30M (Peak 761.03M) | Time:00:01.36 | Mem:275.11M, Peak:275.11M | Scene, ViewLayer | Updating Scene BVH | Packing BVH triangles and strands
Fra:10 Mem:347.51M (Peak 761.03M) | Time:00:01.36 | Mem:275.11M, Peak:275.11M | Scene, ViewLayer | Updating Scene BVH | Packing BVH nodes
Fra:10 Mem:347.65M (Peak 761.03M) | Time:00:01.36 | Mem:275.11M, Peak:275.11M | Scene, ViewLayer | Updating Scene BVH | Copying BVH to device
Fra:10 Mem:347.65M (Peak 761.03M) | Time:00:01.37 | Mem:276.84M, Peak:276.84M | Scene, ViewLayer | Updating Mesh | Computing normals
Fra:10 Mem:350.33M (Peak 761.03M) | Time:00:01.37 | Mem:276.84M, Peak:276.84M | Scene, ViewLayer | Updating Mesh | Copying Mesh to device
Fra:10 Mem:350.33M (Peak 761.03M) | Time:00:01.37 | Mem:279.53M, Peak:279.53M | Scene, ViewLayer | Updating Objects Flags
Fra:10 Mem:350.33M (Peak 761.03M) | Time:00:01.37 | Mem:279.53M, Peak:279.53M | Scene, ViewLayer | Updating Primitive Offsets
Fra:10 Mem:350.33M (Peak 761.03M) | Time:00:01.37 | Mem:279.53M, Peak:279.53M | Scene, ViewLayer | Updating Images
Fra:10 Mem:350.33M (Peak 761.03M) | Time:00:01.37 | Mem:279.53M, Peak:279.53M | Scene, ViewLayer | Updating Images | Loading kloofendal_48d_partly_cloudy_puresky_2k.hdr
Fra:10 Mem:382.33M (Peak 761.03M) | Time:00:01.45 | Mem:311.53M, Peak:311.53M | Scene, ViewLayer | Updating Camera Volume
Fra:10 Mem:382.33M (Peak 761.03M) | Time:00:01.45 | Mem:311.53M, Peak:311.53M | Scene, ViewLayer | Updating Lookup Tables
Fra:10 Mem:382.33M (Peak 761.03M) | Time:00:01.45 | Mem:311.53M, Peak:311.53M | Scene, ViewLayer | Updating Lights
Fra:10 Mem:382.33M (Peak 761.03M) | Time:00:01.45 | Mem:311.53M, Peak:311.53M | Scene, ViewLayer | Updating Lights | Importance map
Fra:10 Mem:446.36M (Peak 761.03M) | Time:00:01.75 | Mem:375.56M, Peak:375.56M | Scene, ViewLayer | Updating Lights | Computing distribution
Fra:10 Mem:446.36M (Peak 761.03M) | Time:00:01.75 | Mem:375.56M, Peak:375.56M | Scene, ViewLayer | Updating Lights | Computing tree
Fra:10 Mem:446.36M (Peak 761.03M) | Time:00:01.75 | Mem:375.56M, Peak:375.56M | Scene, ViewLayer | Updating Integrator
Fra:10 Mem:447.36M (Peak 761.03M) | Time:00:01.75 | Mem:376.56M, Peak:376.56M | Scene, ViewLayer | Updating Film
Fra:10 Mem:447.36M (Peak 761.03M) | Time:00:01.75 | Mem:376.56M, Peak:376.56M | Scene, ViewLayer | Updating Lookup Tables
Fra:10 Mem:447.36M (Peak 761.03M) | Time:00:01.75 | Mem:376.56M, Peak:376.56M | Scene, ViewLayer | Updating Baking
Fra:10 Mem:447.36M (Peak 761.03M) | Time:00:01.75 | Mem:376.56M, Peak:376.56M | Scene, ViewLayer | Updating Device | Writing constant memory
Fra:10 Mem:447.36M (Peak 761.03M) | Time:00:01.75 | Mem:376.56M, Peak:376.56M | Scene, ViewLayer | Loading denoising kernels (may take a few minutes the first time)
Fra:10 Mem:510.42M (Peak 761.03M) | Time:00:01.83 | Mem:376.56M, Peak:376.56M | Scene, ViewLayer | Sample 0/64
Fra:10 Mem:577.23M (Peak 761.03M) | Time:00:01.84 | Remaining:00:00.72 | Mem:376.56M, Peak:376.56M | Scene, ViewLayer | Sample 1/64
Fra:10 Mem:672.19M (Peak 761.03M) | Time:00:02.45 | Mem:443.36M, Peak:443.36M | Scene, ViewLayer | Sample 64/64
Fra:10 Mem:672.19M (Peak 761.03M) | Time:00:02.45 | Mem:443.36M, Peak:443.36M | Scene, ViewLayer | Finished
Append frame 10
 Time: 00:03.19 (Saving: 00:00.05)

Fra:11 Mem:66.70M (Peak 761.03M) | Time:00:00.53 | Mem:0.00M, Peak:0.00M | Scene, ViewLayer | Synchronizing object | Object_4
Fra:11 Mem:66.70M (Peak 761.03M) | Time:00:00.53 | Mem:0.00M, Peak:0.00M | Scene, ViewLayer | Synchronizing object | Object_32
Fra:11 Mem:66.79M (Peak 761.03M) | Time:00:00.53 | Mem:0.00M, Peak:0.00M | Scene, ViewLayer | Synchronizing object | tennis_old
Fra:11 Mem:72.91M (Peak 761.03M) | Time:00:00.56 | Mem:0.00M, Peak:0.00M | Scene, ViewLayer | Initializing
Fra:11 Mem:72.81M (Peak 761.03M) | Time:00:00.56 | Mem:0.00M, Peak:0.00M | Scene, ViewLayer | Updating Images | Loading Image_0
Fra:11 Mem:72.81M (Peak 761.03M) | Time:00:00.56 | Mem:0.00M, Peak:0.00M | Scene, ViewLayer | Updating Images | Loading Image_17
Fra:11 Mem:340.03M (Peak 761.03M) | Time:00:01.01 | Mem:272.00M, Peak:272.00M | Scene, ViewLayer | Waiting for render to start
Fra:11 Mem:340.03M (Peak 761.03M) | Time:00:01.01 | Mem:272.00M, Peak:272.00M | Scene, ViewLayer | Loading render kernels (may take a few minutes the first time)
Fra:11 Mem:340.03M (Peak 761.03M) | Time:00:01.35 | Mem:272.00M, Peak:272.00M | Scene, ViewLayer | Updating Scene
Fra:11 Mem:340.03M (Peak 761.03M) | Time:00:01.35 | Mem:272.00M, Peak:272.00M | Scene, ViewLayer | Updating Shaders
Fra:11 Mem:340.04M (Peak 761.03M) | Time:00:01.35 | Mem:272.01M, Peak:272.01M | Scene, ViewLayer | Updating Procedurals
Fra:11 Mem:340.04M (Peak 761.03M) | Time:00:01.35 | Mem:272.01M, Peak:272.01M | Scene, ViewLayer | Updating Background
Fra:11 Mem:340.04M (Peak 761.03M) | Time:00:01.35 | Mem:272.01M, Peak:272.01M | Scene, ViewLayer | Updating Camera
Fra:11 Mem:340.04M (Peak 761.03M) | Time:00:01.35 | Mem:272.01M, Peak:272.01M | Scene, ViewLayer | Updating Meshes Flags
Fra:11 Mem:340.04M (Peak 761.03M) | Time:00:01.35 | Mem:272.01M, Peak:272.01M | Scene, ViewLayer | Updating Objects
Fra:11 Mem:340.04M (Peak 761.03M) | Time:00:01.35 | Mem:272.01M, Peak:272.01M | Scene, ViewLayer | Updating Objects | Copying Transformations to device
Fra:11 Mem:340.04M (Peak 761.03M) | Time:00:01.35 | Mem:272.01M, Peak:272.01M | Scene, ViewLayer | Updating Objects | Applying Static Transformations
Fra:11 Mem:340.04M (Peak 761.03M) | Time:00:01.35 | Mem:272.01M, Peak:272.01M | Scene, ViewLayer | Updating Particle Systems
Fra:11 Mem:340.04M (Peak 761.03M) | Time:00:01.35 | Mem:272.01M, Peak:272.01M | Scene, ViewLayer | Updating Particle Systems | Copying Particles to device
Fra:11 Mem:340.04M (Peak 761.03M) | Time:00:01.35 | Mem:272.01M, Peak:272.01M | Scene, ViewLayer | Updating Meshes
Fra:11 Mem:340.94M (Peak 761.03M) | Time:00:01.35 | Mem:272.01M, Peak:272.01M | Scene, ViewLayer | Updating Mesh | Computing attributes
Fra:11 Mem:344.06M (Peak 761.03M) | Time:00:01.35 | Mem:272.02M, Peak:272.02M | Scene, ViewLayer | Updating Mesh | Copying Attributes to device
Fra:11 Mem:344.04M (Peak 761.03M) | Time:00:01.35 | Mem:275.11M, Peak:275.11M | Scene, ViewLayer | Updating Geometry BVH low poly_Material.001_0.001 2/2 | Building BVH
Fra:11 Mem:344.17M (Peak 761.03M) | Time:00:01.35 | Mem:275.11M, Peak:275.11M | Scene, ViewLayer | Updating Geometry BVH low poly_Material.001_0 1/2 | Building BVH
Fra:11 Mem:344.30M (Peak 761.03M) | Time:00:01.36 | Mem:275.11M, Peak:275.11M | Scene, ViewLayer | Updating Geometry BVH low poly_Material.001_0 1/2 | Packing BVH triangles and strands
Fra:11 Mem:344.31M (Peak 761.03M) | Time:00:01.36 | Mem:275.11M, Peak:275.11M | Scene, ViewLayer | Updating Geometry BVH low poly_Material.001_0 1/2 | Packing BVH nodes
Fra:11 Mem:344.24M (Peak 761.03M) | Time:00:01.36 | Mem:275.11M, Peak:275.11M | Scene, ViewLayer | Updating Geometry BVH low poly_Material.001_0 1/2 | Packing BVH triangles and strands
Fra:11 Mem:344.24M (Peak 761.03M) | Time:00:01.36 | Mem:275.11M, Peak:275.11M | Scene, ViewLayer | Updating Geometry BVH low poly_Material.001_0 1/2 | Packing BVH nodes
Fra:11 Mem:344.17M (Peak 761.03M) | Time:00:01.36 | Mem:275.11M, Peak:275.11M | Scene, ViewLayer | Updating Scene BVH | Building
Fra:11 Mem:344.17M (Peak 761.03M) | Time:00:01.36 | Mem:275.11M, Peak:275.11M | Scene, ViewLayer | Updating Scene BVH | Building BVH
Fra:11 Mem:347.29M (Peak 761.03M) | Time:00:01.38 | Mem:275.11M, Peak:275.11M | Scene, ViewLayer | Updating Scene BVH | Packing BVH triangles and strands
Fra:11 Mem:347.50M (Peak 761.03M) | Time:00:01.38 | Mem:275.11M, Peak:275.11M | Scene, ViewLayer | Updating Scene BVH | Packing BVH nodes
Fra:11 Mem:347.63M (Peak 761.03M) | Time:00:01.38 | Mem:275.11M, Peak:275.11M | Scene, ViewLayer | Updating Scene BVH | Copying BVH to device
Fra:11 Mem:347.63M (Peak 761.03M) | Time:00:01.39 | Mem:276.84M, Peak:276.84M | Scene, ViewLayer | Updating Mesh | Computing normals
Fra:11 Mem:350.31M (Peak 761.03M) | Time:00:01.39 | Mem:276.84M, Peak:276.84M | Scene, ViewLayer | Updating Mesh | Copying Mesh to device
Fra:11 Mem:350.31M (Peak 761.03M) | Time:00:01.39 | Mem:279.53M, Peak:279.53M | Scene, ViewLayer | Updating Objects Flags
Fra:11 Mem:350.31M (Peak 761.03M) | Time:00:01.39 | Mem:279.53M, Peak:279.53M | Scene, ViewLayer | Updating Primitive Offsets
Fra:11 Mem:350.31M (Peak 761.03M) | Time:00:01.39 | Mem:279.53M, Peak:279.53M | Scene, ViewLayer | Updating Images
Fra:11 Mem:350.31M (Peak 761.03M) | Time:00:01.39 | Mem:279.53M, Peak:279.53M | Scene, ViewLayer | Updating Images | Loading kloofendal_48d_partly_cloudy_puresky_2k.hdr
Fra:11 Mem:382.31M (Peak 761.03M) | Time:00:01.48 | Mem:311.53M, Peak:311.53M | Scene, ViewLayer | Updating Camera Volume
Fra:11 Mem:382.31M (Peak 761.03M) | Time:00:01.48 | Mem:311.53M, Peak:311.53M | Scene, ViewLayer | Updating Lookup Tables
Fra:11 Mem:382.31M (Peak 761.03M) | Time:00:01.48 | Mem:311.53M, Peak:311.53M | Scene, ViewLayer | Updating Lights
Fra:11 Mem:382.32M (Peak 761.03M) | Time:00:01.48 | Mem:311.53M, Peak:311.53M | Scene, ViewLayer | Updating Lights | Importance map
Fra:11 Mem:446.35M (Peak 761.03M) | Time:00:01.78 | Mem:375.56M, Peak:375.56M | Scene, ViewLayer | Updating Lights | Computing distribution
Fra:11 Mem:446.35M (Peak 761.03M) | Time:00:01.78 | Mem:375.56M, Peak:375.56M | Scene, ViewLayer | Updating Lights | Computing tree
Fra:11 Mem:446.35M (Peak 761.03M) | Time:00:01.78 | Mem:375.56M, Peak:375.56M | Scene, ViewLayer | Updating Integrator
Fra:11 Mem:447.35M (Peak 761.03M) | Time:00:01.79 | Mem:376.56M, Peak:376.56M | Scene, ViewLayer | Updating Film
Fra:11 Mem:447.35M (Peak 761.03M) | Time:00:01.79 | Mem:376.56M, Peak:376.56M | Scene, ViewLayer | Updating Lookup Tables
Fra:11 Mem:447.35M (Peak 761.03M) | Time:00:01.79 | Mem:376.56M, Peak:376.56M | Scene, ViewLayer | Updating Baking
Fra:11 Mem:447.35M (Peak 761.03M) | Time:00:01.79 | Mem:376.56M, Peak:376.56M | Scene, ViewLayer | Updating Device | Writing constant memory
Fra:11 Mem:447.35M (Peak 761.03M) | Time:00:01.79 | Mem:376.56M, Peak:376.56M | Scene, ViewLayer | Loading denoising kernels (may take a few minutes the first time)
Fra:11 Mem:510.41M (Peak 761.03M) | Time:00:01.86 | Mem:376.56M, Peak:376.56M | Scene, ViewLayer | Sample 0/64
Fra:11 Mem:577.22M (Peak 761.03M) | Time:00:01.87 | Remaining:00:00.78 | Mem:376.56M, Peak:376.56M | Scene, ViewLayer | Sample 1/64
Fra:11 Mem:672.18M (Peak 761.03M) | Time:00:02.46 | Mem:443.36M, Peak:443.36M | Scene, ViewLayer | Sample 64/64
Fra:11 Mem:672.18M (Peak 761.03M) | Time:00:02.46 | Mem:443.36M, Peak:443.36M | Scene, ViewLayer | Finished
Append frame 11
 Time: 00:03.21 (Saving: 00:00.05)

Fra:12 Mem:66.70M (Peak 761.03M) | Time:00:00.54 | Mem:0.00M, Peak:0.00M | Scene, ViewLayer | Synchronizing object | Object_4
Fra:12 Mem:66.70M (Peak 761.03M) | Time:00:00.54 | Mem:0.00M, Peak:0.00M | Scene, ViewLayer | Synchronizing object | Object_24
Fra:12 Mem:66.80M (Peak 761.03M) | Time:00:00.54 | Mem:0.00M, Peak:0.00M | Scene, ViewLayer | Synchronizing object | tennis_new
Fra:12 Mem:67.37M (Peak 761.03M) | Time:00:00.54 | Mem:0.00M, Peak:0.00M | Scene, ViewLayer | Synchronizing object | tennis_old
Fra:12 Mem:72.91M (Peak 761.03M) | Time:00:00.57 | Mem:0.00M, Peak:0.00M | Scene, ViewLayer | Initializing
Fra:12 Mem:72.81M (Peak 761.03M) | Time:00:00.57 | Mem:0.00M, Peak:0.00M | Scene, ViewLayer | Updating Images | Loading Image_0.002
Fra:12 Mem:72.81M (Peak 761.03M) | Time:00:00.57 | Mem:0.00M, Peak:0.00M | Scene, ViewLayer | Updating Images | Loading Image_9
Fra:12 Mem:76.81M (Peak 761.03M) | Time:00:00.57 | Mem:0.00M, Peak:0.00M | Scene, ViewLayer | Updating Images | Loading Image_14
Fra:12 Mem:340.04M (Peak 761.05M) | Time:00:00.98 | Mem:272.00M, Peak:272.00M | Scene, ViewLayer | Waiting for render to start
Fra:12 Mem:340.04M (Peak 761.05M) | Time:00:00.98 | Mem:272.00M, Peak:272.00M | Scene, ViewLayer | Loading render kernels (may take a few minutes the first time)
Fra:12 Mem:340.04M (Peak 761.05M) | Time:00:01.33 | Mem:272.00M, Peak:272.00M | Scene, ViewLayer | Updating Scene
Fra:12 Mem:340.04M (Peak 761.05M) | Time:00:01.33 | Mem:272.00M, Peak:272.00M | Scene, ViewLayer | Updating Shaders
Fra:12 Mem:340.05M (Peak 761.05M) | Time:00:01.33 | Mem:272.01M, Peak:272.01M | Scene, ViewLayer | Updating Procedurals
Fra:12 Mem:340.05M (Peak 761.05M) | Time:00:01.33 | Mem:272.01M, Peak:272.01M | Scene, ViewLayer | Updating Background
Fra:12 Mem:340.05M (Peak 761.05M) | Time:00:01.33 | Mem:272.01M, Peak:272.01M | Scene, ViewLayer | Updating Camera
Fra:12 Mem:340.06M (Peak 761.05M) | Time:00:01.33 | Mem:272.01M, Peak:272.01M | Scene, ViewLayer | Updating Meshes Flags
Fra:12 Mem:340.06M (Peak 761.05M) | Time:00:01.33 | Mem:272.01M, Peak:272.01M | Scene, ViewLayer | Updating Objects
Fra:12 Mem:340.06M (Peak 761.05M) | Time:00:01.33 | Mem:272.01M, Peak:272.01M | Scene, ViewLayer | Updating Objects | Copying Transformations to device
Fra:12 Mem:340.06M (Peak 761.05M) | Time:00:01.33 | Mem:272.01M, Peak:272.01M | Scene, ViewLayer | Updating Objects | Applying Static Transformations
Fra:12 Mem:340.06M (Peak 761.05M) | Time:00:01.33 | Mem:272.01M, Peak:272.01M | Scene, ViewLayer | Updating Particle Systems
Fra:12 Mem:340.06M (Peak 761.05M) | Time:00:01.33 | Mem:272.01M, Peak:272.01M | Scene, ViewLayer | Updating Particle Systems | Copying Particles to device
Fra:12 Mem:340.06M (Peak 761.05M) | Time:00:01.33 | Mem:272.01M, Peak:272.01M | Scene, ViewLayer | Updating Meshes
Fra:12 Mem:340.96M (Peak 761.05M) | Time:00:01.33 | Mem:272.01M, Peak:272.01M | Scene, ViewLayer | Updating Mesh | Computing attributes
Fra:12 Mem:344.08M (Peak 761.05M) | Time:00:01.33 | Mem:272.02M, Peak:272.02M | Scene, ViewLayer | Updating Mesh | Copying Attributes to device
Fra:12 Mem:344.06M (Peak 761.05M) | Time:00:01.34 | Mem:275.11M, Peak:275.11M | Scene, ViewLayer | Updating Geometry BVH low poly_Material.001_0.001 2/2 | Building BVH
Fra:12 Mem:344.18M (Peak 761.05M) | Time:00:01.34 | Mem:275.11M, Peak:275.11M | Scene, ViewLayer | Updating Geometry BVH low poly_Material.001_0 1/2 | Building BVH
Fra:12 Mem:344.31M (Peak 761.05M) | Time:00:01.34 | Mem:275.11M, Peak:275.11M | Scene, ViewLayer | Updating Geometry BVH low poly_Material.001_0 1/2 | Packing BVH triangles and strands
Fra:12 Mem:344.32M (Peak 761.05M) | Time:00:01.34 | Mem:275.11M, Peak:275.11M | Scene, ViewLayer | Updating Geometry BVH low poly_Material.001_0 1/2 | Packing BVH nodes
Fra:12 Mem:344.25M (Peak 761.05M) | Time:00:01.34 | Mem:275.11M, Peak:275.11M | Scene, ViewLayer | Updating Geometry BVH low poly_Material.001_0 1/2 | Packing BVH triangles and strands
Fra:12 Mem:344.26M (Peak 761.05M) | Time:00:01.34 | Mem:275.11M, Peak:275.11M | Scene, ViewLayer | Updating Geometry BVH low poly_Material.001_0 1/2 | Packing BVH nodes
Fra:12 Mem:344.19M (Peak 761.05M) | Time:00:01.34 | Mem:275.11M, Peak:275.11M | Scene, ViewLayer | Updating Scene BVH | Building
Fra:12 Mem:344.19M (Peak 761.05M) | Time:00:01.34 | Mem:275.11M, Peak:275.11M | Scene, ViewLayer | Updating Scene BVH | Building BVH
Fra:12 Mem:347.30M (Peak 761.05M) | Time:00:01.36 | Mem:275.11M, Peak:275.11M | Scene, ViewLayer | Updating Scene BVH | Packing BVH triangles and strands
Fra:12 Mem:347.51M (Peak 761.05M) | Time:00:01.36 | Mem:275.11M, Peak:275.11M | Scene, ViewLayer | Updating Scene BVH | Packing BVH nodes
Fra:12 Mem:347.65M (Peak 761.05M) | Time:00:01.37 | Mem:275.11M, Peak:275.11M | Scene, ViewLayer | Updating Scene BVH | Copying BVH to device
Fra:12 Mem:347.65M (Peak 761.05M) | Time:00:01.37 | Mem:276.84M, Peak:276.84M | Scene, ViewLayer | Updating Mesh | Computing normals
Fra:12 Mem:350.33M (Peak 761.05M) | Time:00:01.37 | Mem:276.84M, Peak:276.84M | Scene, ViewLayer | Updating Mesh | Copying Mesh to device
Fra:12 Mem:350.33M (Peak 761.05M) | Time:00:01.38 | Mem:279.53M, Peak:279.53M | Scene, ViewLayer | Updating Objects Flags
Fra:12 Mem:350.33M (Peak 761.05M) | Time:00:01.38 | Mem:279.53M, Peak:279.53M | Scene, ViewLayer | Updating Primitive Offsets
Fra:12 Mem:350.33M (Peak 761.05M) | Time:00:01.38 | Mem:279.53M, Peak:279.53M | Scene, ViewLayer | Updating Images
Fra:12 Mem:350.33M (Peak 761.05M) | Time:00:01.38 | Mem:279.53M, Peak:279.53M | Scene, ViewLayer | Updating Images | Loading kloofendal_48d_partly_cloudy_puresky_2k.hdr
Fra:12 Mem:382.33M (Peak 761.05M) | Time:00:01.45 | Mem:311.53M, Peak:311.53M | Scene, ViewLayer | Updating Camera Volume
Fra:12 Mem:382.33M (Peak 761.05M) | Time:00:01.45 | Mem:311.53M, Peak:311.53M | Scene, ViewLayer | Updating Lookup Tables
Fra:12 Mem:382.33M (Peak 761.05M) | Time:00:01.45 | Mem:311.53M, Peak:311.53M | Scene, ViewLayer | Updating Lights
Fra:12 Mem:382.33M (Peak 761.05M) | Time:00:01.45 | Mem:311.53M, Peak:311.53M | Scene, ViewLayer | Updating Lights | Importance map
Fra:12 Mem:446.36M (Peak 761.05M) | Time:00:01.76 | Mem:375.56M, Peak:375.56M | Scene, ViewLayer | Updating Lights | Computing distribution
Fra:12 Mem:446.36M (Peak 761.05M) | Time:00:01.76 | Mem:375.56M, Peak:375.56M | Scene, ViewLayer | Updating Lights | Computing tree
Fra:12 Mem:446.36M (Peak 761.05M) | Time:00:01.76 | Mem:375.56M, Peak:375.56M | Scene, ViewLayer | Updating Integrator
Fra:12 Mem:447.36M (Peak 761.05M) | Time:00:01.76 | Mem:376.56M, Peak:376.56M | Scene, ViewLayer | Updating Film
Fra:12 Mem:447.36M (Peak 761.05M) | Time:00:01.76 | Mem:376.56M, Peak:376.56M | Scene, ViewLayer | Updating Lookup Tables
Fra:12 Mem:447.36M (Peak 761.05M) | Time:00:01.76 | Mem:376.56M, Peak:376.56M | Scene, ViewLayer | Updating Baking
Fra:12 Mem:447.36M (Peak 761.05M) | Time:00:01.76 | Mem:376.56M, Peak:376.56M | Scene, ViewLayer | Updating Device | Writing constant memory
Fra:12 Mem:447.36M (Peak 761.05M) | Time:00:01.76 | Mem:376.56M, Peak:376.56M | Scene, ViewLayer | Loading denoising kernels (may take a few minutes the first time)
Fra:12 Mem:510.42M (Peak 761.05M) | Time:00:01.85 | Mem:376.56M, Peak:376.56M | Scene, ViewLayer | Sample 0/64
Fra:12 Mem:577.23M (Peak 761.05M) | Time:00:01.86 | Remaining:00:00.76 | Mem:376.56M, Peak:376.56M | Scene, ViewLayer | Sample 1/64
Fra:12 Mem:672.19M (Peak 761.05M) | Time:00:02.42 | Mem:443.36M, Peak:443.36M | Scene, ViewLayer | Sample 64/64
Fra:12 Mem:672.19M (Peak 761.05M) | Time:00:02.42 | Mem:443.36M, Peak:443.36M | Scene, ViewLayer | Finished
Append frame 12
 Time: 00:03.15 (Saving: 00:00.05)

Fra:13 Mem:66.69M (Peak 761.05M) | Time:00:00.53 | Mem:0.00M, Peak:0.00M | Scene, ViewLayer | Synchronizing object | Object_4
Fra:13 Mem:66.70M (Peak 761.05M) | Time:00:00.53 | Mem:0.00M, Peak:0.00M | Scene, ViewLayer | Synchronizing object | Object_24
Fra:13 Mem:66.81M (Peak 761.05M) | Time:00:00.53 | Mem:0.00M, Peak:0.00M | Scene, ViewLayer | Synchronizing object | tennis_new
Fra:13 Mem:66.87M (Peak 761.05M) | Time:00:00.53 | Mem:0.00M, Peak:0.00M | Scene, ViewLayer | Synchronizing object | tennis_old
Fra:13 Mem:72.91M (Peak 761.05M) | Time:00:00.56 | Mem:0.00M, Peak:0.00M | Scene, ViewLayer | Initializing
Fra:13 Mem:72.81M (Peak 761.05M) | Time:00:00.56 | Mem:0.00M, Peak:0.00M | Scene, ViewLayer | Updating Images | Loading Image_0.002
Fra:13 Mem:72.81M (Peak 761.05M) | Time:00:00.56 | Mem:0.00M, Peak:0.00M | Scene, ViewLayer | Updating Images | Loading Image_8
Fra:13 Mem:76.81M (Peak 761.05M) | Time:00:00.56 | Mem:0.00M, Peak:0.00M | Scene, ViewLayer | Updating Images | Loading Image_16
Fra:13 Mem:340.04M (Peak 761.05M) | Time:00:00.98 | Mem:272.00M, Peak:272.00M | Scene, ViewLayer | Waiting for render to start
Fra:13 Mem:340.04M (Peak 761.05M) | Time:00:00.98 | Mem:272.00M, Peak:272.00M | Scene, ViewLayer | Loading render kernels (may take a few minutes the first time)
Fra:13 Mem:340.04M (Peak 761.05M) | Time:00:01.32 | Mem:272.00M, Peak:272.00M | Scene, ViewLayer | Updating Scene
Fra:13 Mem:340.04M (Peak 761.05M) | Time:00:01.32 | Mem:272.00M, Peak:272.00M | Scene, ViewLayer | Updating Shaders
Fra:13 Mem:340.05M (Peak 761.05M) | Time:00:01.32 | Mem:272.01M, Peak:272.01M | Scene, ViewLayer | Updating Procedurals
Fra:13 Mem:340.05M (Peak 761.05M) | Time:00:01.32 | Mem:272.01M, Peak:272.01M | Scene, ViewLayer | Updating Background
Fra:13 Mem:340.05M (Peak 761.05M) | Time:00:01.32 | Mem:272.01M, Peak:272.01M | Scene, ViewLayer | Updating Camera
Fra:13 Mem:340.06M (Peak 761.05M) | Time:00:01.32 | Mem:272.01M, Peak:272.01M | Scene, ViewLayer | Updating Meshes Flags
Fra:13 Mem:340.06M (Peak 761.05M) | Time:00:01.32 | Mem:272.01M, Peak:272.01M | Scene, ViewLayer | Updating Objects
Fra:13 Mem:340.06M (Peak 761.05M) | Time:00:01.32 | Mem:272.01M, Peak:272.01M | Scene, ViewLayer | Updating Objects | Copying Transformations to device
Fra:13 Mem:340.06M (Peak 761.05M) | Time:00:01.32 | Mem:272.01M, Peak:272.01M | Scene, ViewLayer | Updating Objects | Applying Static Transformations
Fra:13 Mem:340.06M (Peak 761.05M) | Time:00:01.32 | Mem:272.01M, Peak:272.01M | Scene, ViewLayer | Updating Particle Systems
Fra:13 Mem:340.06M (Peak 761.05M) | Time:00:01.32 | Mem:272.01M, Peak:272.01M | Scene, ViewLayer | Updating Particle Systems | Copying Particles to device
Fra:13 Mem:340.06M (Peak 761.05M) | Time:00:01.32 | Mem:272.01M, Peak:272.01M | Scene, ViewLayer | Updating Meshes
Fra:13 Mem:340.96M (Peak 761.05M) | Time:00:01.32 | Mem:272.01M, Peak:272.01M | Scene, ViewLayer | Updating Mesh | Computing attributes
Fra:13 Mem:344.08M (Peak 761.05M) | Time:00:01.32 | Mem:272.02M, Peak:272.02M | Scene, ViewLayer | Updating Mesh | Copying Attributes to device
Fra:13 Mem:344.06M (Peak 761.05M) | Time:00:01.33 | Mem:275.11M, Peak:275.11M | Scene, ViewLayer | Updating Geometry BVH low poly_Material.001_0.001 2/2 | Building BVH
Fra:13 Mem:344.19M (Peak 761.05M) | Time:00:01.33 | Mem:275.11M, Peak:275.11M | Scene, ViewLayer | Updating Geometry BVH low poly_Material.001_0 1/2 | Building BVH
Fra:13 Mem:344.31M (Peak 761.05M) | Time:00:01.33 | Mem:275.11M, Peak:275.11M | Scene, ViewLayer | Updating Geometry BVH low poly_Material.001_0 1/2 | Packing BVH triangles and strands
Fra:13 Mem:344.32M (Peak 761.05M) | Time:00:01.33 | Mem:275.11M, Peak:275.11M | Scene, ViewLayer | Updating Geometry BVH low poly_Material.001_0 1/2 | Packing BVH nodes
Fra:13 Mem:344.25M (Peak 761.05M) | Time:00:01.33 | Mem:275.11M, Peak:275.11M | Scene, ViewLayer | Updating Geometry BVH low poly_Material.001_0 1/2 | Packing BVH triangles and strands
Fra:13 Mem:344.26M (Peak 761.05M) | Time:00:01.33 | Mem:275.11M, Peak:275.11M | Scene, ViewLayer | Updating Geometry BVH low poly_Material.001_0 1/2 | Packing BVH nodes
Fra:13 Mem:344.19M (Peak 761.05M) | Time:00:01.33 | Mem:275.11M, Peak:275.11M | Scene, ViewLayer | Updating Scene BVH | Building
Fra:13 Mem:344.19M (Peak 761.05M) | Time:00:01.33 | Mem:275.11M, Peak:275.11M | Scene, ViewLayer | Updating Scene BVH | Building BVH
Fra:13 Mem:347.30M (Peak 761.05M) | Time:00:01.35 | Mem:275.11M, Peak:275.11M | Scene, ViewLayer | Updating Scene BVH | Packing BVH triangles and strands
Fra:13 Mem:347.51M (Peak 761.05M) | Time:00:01.35 | Mem:275.11M, Peak:275.11M | Scene, ViewLayer | Updating Scene BVH | Packing BVH nodes
Fra:13 Mem:347.65M (Peak 761.05M) | Time:00:01.36 | Mem:275.11M, Peak:275.11M | Scene, ViewLayer | Updating Scene BVH | Copying BVH to device
Fra:13 Mem:347.65M (Peak 761.05M) | Time:00:01.36 | Mem:276.84M, Peak:276.84M | Scene, ViewLayer | Updating Mesh | Computing normals
Fra:13 Mem:350.33M (Peak 761.05M) | Time:00:01.36 | Mem:276.84M, Peak:276.84M | Scene, ViewLayer | Updating Mesh | Copying Mesh to device
Fra:13 Mem:350.33M (Peak 761.05M) | Time:00:01.37 | Mem:279.53M, Peak:279.53M | Scene, ViewLayer | Updating Objects Flags
Fra:13 Mem:350.33M (Peak 761.05M) | Time:00:01.37 | Mem:279.53M, Peak:279.53M | Scene, ViewLayer | Updating Primitive Offsets
Fra:13 Mem:350.33M (Peak 761.05M) | Time:00:01.37 | Mem:279.53M, Peak:279.53M | Scene, ViewLayer | Updating Images
Fra:13 Mem:350.33M (Peak 761.05M) | Time:00:01.37 | Mem:279.53M, Peak:279.53M | Scene, ViewLayer | Updating Images | Loading kloofendal_48d_partly_cloudy_puresky_2k.hdr
Fra:13 Mem:382.33M (Peak 761.05M) | Time:00:01.44 | Mem:311.53M, Peak:311.53M | Scene, ViewLayer | Updating Camera Volume
Fra:13 Mem:382.33M (Peak 761.05M) | Time:00:01.44 | Mem:311.53M, Peak:311.53M | Scene, ViewLayer | Updating Lookup Tables
Fra:13 Mem:382.33M (Peak 761.05M) | Time:00:01.44 | Mem:311.53M, Peak:311.53M | Scene, ViewLayer | Updating Lights
Fra:13 Mem:382.33M (Peak 761.05M) | Time:00:01.44 | Mem:311.53M, Peak:311.53M | Scene, ViewLayer | Updating Lights | Importance map
Fra:13 Mem:446.36M (Peak 761.05M) | Time:00:01.74 | Mem:375.56M, Peak:375.56M | Scene, ViewLayer | Updating Lights | Computing distribution
Fra:13 Mem:446.36M (Peak 761.05M) | Time:00:01.74 | Mem:375.56M, Peak:375.56M | Scene, ViewLayer | Updating Lights | Computing tree
Fra:13 Mem:446.36M (Peak 761.05M) | Time:00:01.74 | Mem:375.56M, Peak:375.56M | Scene, ViewLayer | Updating Integrator
Fra:13 Mem:447.36M (Peak 761.05M) | Time:00:01.74 | Mem:376.56M, Peak:376.56M | Scene, ViewLayer | Updating Film
Fra:13 Mem:447.36M (Peak 761.05M) | Time:00:01.74 | Mem:376.56M, Peak:376.56M | Scene, ViewLayer | Updating Lookup Tables
Fra:13 Mem:447.36M (Peak 761.05M) | Time:00:01.74 | Mem:376.56M, Peak:376.56M | Scene, ViewLayer | Updating Baking
Fra:13 Mem:447.36M (Peak 761.05M) | Time:00:01.74 | Mem:376.56M, Peak:376.56M | Scene, ViewLayer | Updating Device | Writing constant memory
Fra:13 Mem:447.36M (Peak 761.05M) | Time:00:01.74 | Mem:376.56M, Peak:376.56M | Scene, ViewLayer | Loading denoising kernels (may take a few minutes the first time)
Fra:13 Mem:510.42M (Peak 761.05M) | Time:00:01.81 | Mem:376.56M, Peak:376.56M | Scene, ViewLayer | Sample 0/64
Fra:13 Mem:577.23M (Peak 761.05M) | Time:00:01.82 | Remaining:00:00.77 | Mem:376.56M, Peak:376.56M | Scene, ViewLayer | Sample 1/64
Fra:13 Mem:672.19M (Peak 761.05M) | Time:00:02.42 | Mem:443.36M, Peak:443.36M | Scene, ViewLayer | Sample 64/64
Fra:13 Mem:672.19M (Peak 761.05M) | Time:00:02.42 | Mem:443.36M, Peak:443.36M | Scene, ViewLayer | Finished
Append frame 13
 Time: 00:03.17 (Saving: 00:00.05)

Fra:14 Mem:66.70M (Peak 761.05M) | Time:00:00.55 | Mem:0.00M, Peak:0.00M | Scene, ViewLayer | Synchronizing object | Object_4
Fra:14 Mem:66.70M (Peak 761.05M) | Time:00:00.55 | Mem:0.00M, Peak:0.00M | Scene, ViewLayer | Synchronizing object | Object_28
Fra:14 Mem:66.81M (Peak 761.05M) | Time:00:00.55 | Mem:0.00M, Peak:0.00M | Scene, ViewLayer | Synchronizing object | tennis_old
Fra:14 Mem:72.91M (Peak 761.05M) | Time:00:00.58 | Mem:0.00M, Peak:0.00M | Scene, ViewLayer | Initializing
Fra:14 Mem:72.81M (Peak 761.05M) | Time:00:00.58 | Mem:0.00M, Peak:0.00M | Scene, ViewLayer | Updating Images | Loading Image_0
Fra:14 Mem:72.81M (Peak 761.05M) | Time:00:00.58 | Mem:0.00M, Peak:0.00M | Scene, ViewLayer | Updating Images | Loading Image_9
Fra:14 Mem:340.04M (Peak 761.05M) | Time:00:01.01 | Mem:272.00M, Peak:272.00M | Scene, ViewLayer | Waiting for render to start
Fra:14 Mem:340.04M (Peak 761.05M) | Time:00:01.01 | Mem:272.00M, Peak:272.00M | Scene, ViewLayer | Loading render kernels (may take a few minutes the first time)
Fra:14 Mem:340.04M (Peak 761.05M) | Time:00:01.36 | Mem:272.00M, Peak:272.00M | Scene, ViewLayer | Updating Scene
Fra:14 Mem:340.04M (Peak 761.05M) | Time:00:01.36 | Mem:272.00M, Peak:272.00M | Scene, ViewLayer | Updating Shaders
Fra:14 Mem:340.05M (Peak 761.05M) | Time:00:01.36 | Mem:272.01M, Peak:272.01M | Scene, ViewLayer | Updating Procedurals
Fra:14 Mem:340.05M (Peak 761.05M) | Time:00:01.36 | Mem:272.01M, Peak:272.01M | Scene, ViewLayer | Updating Background
Fra:14 Mem:340.05M (Peak 761.05M) | Time:00:01.36 | Mem:272.01M, Peak:272.01M | Scene, ViewLayer | Updating Camera
Fra:14 Mem:340.05M (Peak 761.05M) | Time:00:01.36 | Mem:272.01M, Peak:272.01M | Scene, ViewLayer | Updating Meshes Flags
Fra:14 Mem:340.05M (Peak 761.05M) | Time:00:01.36 | Mem:272.01M, Peak:272.01M | Scene, ViewLayer | Updating Objects
Fra:14 Mem:340.05M (Peak 761.05M) | Time:00:01.36 | Mem:272.01M, Peak:272.01M | Scene, ViewLayer | Updating Objects | Copying Transformations to device
Fra:14 Mem:340.05M (Peak 761.05M) | Time:00:01.36 | Mem:272.01M, Peak:272.01M | Scene, ViewLayer | Updating Objects | Applying Static Transformations
Fra:14 Mem:340.05M (Peak 761.05M) | Time:00:01.36 | Mem:272.01M, Peak:272.01M | Scene, ViewLayer | Updating Particle Systems
Fra:14 Mem:340.05M (Peak 761.05M) | Time:00:01.36 | Mem:272.01M, Peak:272.01M | Scene, ViewLayer | Updating Particle Systems | Copying Particles to device
Fra:14 Mem:340.05M (Peak 761.05M) | Time:00:01.36 | Mem:272.01M, Peak:272.01M | Scene, ViewLayer | Updating Meshes
Fra:14 Mem:340.95M (Peak 761.05M) | Time:00:01.36 | Mem:272.01M, Peak:272.01M | Scene, ViewLayer | Updating Mesh | Computing attributes
Fra:14 Mem:344.07M (Peak 761.05M) | Time:00:01.37 | Mem:272.02M, Peak:272.02M | Scene, ViewLayer | Updating Mesh | Copying Attributes to device
Fra:14 Mem:344.05M (Peak 761.05M) | Time:00:01.37 | Mem:275.11M, Peak:275.11M | Scene, ViewLayer | Updating Geometry BVH low poly_Material.001_0.001 2/2 | Building BVH
Fra:14 Mem:344.18M (Peak 761.05M) | Time:00:01.37 | Mem:275.11M, Peak:275.11M | Scene, ViewLayer | Updating Geometry BVH low poly_Material.001_0 1/2 | Building BVH
Fra:14 Mem:344.31M (Peak 761.05M) | Time:00:01.37 | Mem:275.11M, Peak:275.11M | Scene, ViewLayer | Updating Geometry BVH low poly_Material.001_0 1/2 | Packing BVH triangles and strands
Fra:14 Mem:344.32M (Peak 761.05M) | Time:00:01.37 | Mem:275.11M, Peak:275.11M | Scene, ViewLayer | Updating Geometry BVH low poly_Material.001_0 1/2 | Packing BVH nodes
Fra:14 Mem:344.24M (Peak 761.05M) | Time:00:01.38 | Mem:275.11M, Peak:275.11M | Scene, ViewLayer | Updating Geometry BVH low poly_Material.001_0 1/2 | Packing BVH triangles and strands
Fra:14 Mem:344.25M (Peak 761.05M) | Time:00:01.38 | Mem:275.11M, Peak:275.11M | Scene, ViewLayer | Updating Geometry BVH low poly_Material.001_0 1/2 | Packing BVH nodes
Fra:14 Mem:344.18M (Peak 761.05M) | Time:00:01.38 | Mem:275.11M, Peak:275.11M | Scene, ViewLayer | Updating Scene BVH | Building
Fra:14 Mem:344.18M (Peak 761.05M) | Time:00:01.38 | Mem:275.11M, Peak:275.11M | Scene, ViewLayer | Updating Scene BVH | Building BVH
Fra:14 Mem:347.30M (Peak 761.05M) | Time:00:01.40 | Mem:275.11M, Peak:275.11M | Scene, ViewLayer | Updating Scene BVH | Packing BVH triangles and strands
Fra:14 Mem:347.50M (Peak 761.05M) | Time:00:01.40 | Mem:275.11M, Peak:275.11M | Scene, ViewLayer | Updating Scene BVH | Packing BVH nodes
Fra:14 Mem:347.64M (Peak 761.05M) | Time:00:01.40 | Mem:275.11M, Peak:275.11M | Scene, ViewLayer | Updating Scene BVH | Copying BVH to device
Fra:14 Mem:347.64M (Peak 761.05M) | Time:00:01.40 | Mem:276.85M, Peak:276.85M | Scene, ViewLayer | Updating Mesh | Computing normals
Fra:14 Mem:350.32M (Peak 761.05M) | Time:00:01.41 | Mem:276.85M, Peak:276.85M | Scene, ViewLayer | Updating Mesh | Copying Mesh to device
Fra:14 Mem:350.32M (Peak 761.05M) | Time:00:01.41 | Mem:279.53M, Peak:279.53M | Scene, ViewLayer | Updating Objects Flags
Fra:14 Mem:350.32M (Peak 761.05M) | Time:00:01.41 | Mem:279.53M, Peak:279.53M | Scene, ViewLayer | Updating Primitive Offsets
Fra:14 Mem:350.32M (Peak 761.05M) | Time:00:01.41 | Mem:279.53M, Peak:279.53M | Scene, ViewLayer | Updating Images
Fra:14 Mem:350.32M (Peak 761.05M) | Time:00:01.41 | Mem:279.53M, Peak:279.53M | Scene, ViewLayer | Updating Images | Loading kloofendal_48d_partly_cloudy_puresky_2k.hdr
Fra:14 Mem:382.32M (Peak 761.05M) | Time:00:01.49 | Mem:311.53M, Peak:311.53M | Scene, ViewLayer | Updating Camera Volume
Fra:14 Mem:382.32M (Peak 761.05M) | Time:00:01.49 | Mem:311.53M, Peak:311.53M | Scene, ViewLayer | Updating Lookup Tables
Fra:14 Mem:382.32M (Peak 761.05M) | Time:00:01.49 | Mem:311.53M, Peak:311.53M | Scene, ViewLayer | Updating Lights
Fra:14 Mem:382.32M (Peak 761.05M) | Time:00:01.49 | Mem:311.53M, Peak:311.53M | Scene, ViewLayer | Updating Lights | Importance map
Fra:14 Mem:446.36M (Peak 761.05M) | Time:00:01.78 | Mem:375.56M, Peak:375.56M | Scene, ViewLayer | Updating Lights | Computing distribution
Fra:14 Mem:446.36M (Peak 761.05M) | Time:00:01.78 | Mem:375.56M, Peak:375.56M | Scene, ViewLayer | Updating Lights | Computing tree
Fra:14 Mem:446.36M (Peak 761.05M) | Time:00:01.78 | Mem:375.56M, Peak:375.56M | Scene, ViewLayer | Updating Integrator
Fra:14 Mem:447.36M (Peak 761.05M) | Time:00:01.79 | Mem:376.56M, Peak:376.56M | Scene, ViewLayer | Updating Film
Fra:14 Mem:447.36M (Peak 761.05M) | Time:00:01.79 | Mem:376.56M, Peak:376.56M | Scene, ViewLayer | Updating Lookup Tables
Fra:14 Mem:447.36M (Peak 761.05M) | Time:00:01.79 | Mem:376.56M, Peak:376.56M | Scene, ViewLayer | Updating Baking
Fra:14 Mem:447.36M (Peak 761.05M) | Time:00:01.79 | Mem:376.56M, Peak:376.56M | Scene, ViewLayer | Updating Device | Writing constant memory
Fra:14 Mem:447.36M (Peak 761.05M) | Time:00:01.79 | Mem:376.56M, Peak:376.56M | Scene, ViewLayer | Loading denoising kernels (may take a few minutes the first time)
Fra:14 Mem:510.41M (Peak 761.05M) | Time:00:01.86 | Mem:376.56M, Peak:376.56M | Scene, ViewLayer | Sample 0/64
Fra:14 Mem:577.23M (Peak 761.05M) | Time:00:01.87 | Remaining:00:00.74 | Mem:376.56M, Peak:376.56M | Scene, ViewLayer | Sample 1/64
Fra:14 Mem:672.19M (Peak 761.05M) | Time:00:02.47 | Mem:443.36M, Peak:443.36M | Scene, ViewLayer | Sample 64/64
Fra:14 Mem:672.19M (Peak 761.05M) | Time:00:02.47 | Mem:443.36M, Peak:443.36M | Scene, ViewLayer | Finished
Append frame 14
 Time: 00:03.21 (Saving: 00:00.05)

Fra:15 Mem:66.70M (Peak 761.05M) | Time:00:00.54 | Mem:0.00M, Peak:0.00M | Scene, ViewLayer | Synchronizing object | Object_4
Fra:15 Mem:66.70M (Peak 761.05M) | Time:00:00.54 | Mem:0.00M, Peak:0.00M | Scene, ViewLayer | Synchronizing object | Object_24
Fra:15 Mem:66.80M (Peak 761.05M) | Time:00:00.54 | Mem:0.00M, Peak:0.00M | Scene, ViewLayer | Synchronizing object | Object_36
Fra:15 Mem:66.88M (Peak 761.05M) | Time:00:00.54 | Mem:0.00M, Peak:0.00M | Scene, ViewLayer | Synchronizing object | tennis_old
Fra:15 Mem:72.91M (Peak 761.05M) | Time:00:00.56 | Mem:0.00M, Peak:0.00M | Scene, ViewLayer | Initializing
Fra:15 Mem:72.81M (Peak 761.05M) | Time:00:00.57 | Mem:0.00M, Peak:0.00M | Scene, ViewLayer | Updating Images | Loading Image_0
Fra:15 Mem:72.81M (Peak 761.05M) | Time:00:00.57 | Mem:0.00M, Peak:0.00M | Scene, ViewLayer | Updating Images | Loading Image_9
Fra:15 Mem:340.04M (Peak 761.05M) | Time:00:00.97 | Mem:272.00M, Peak:272.00M | Scene, ViewLayer | Waiting for render to start
Fra:15 Mem:340.05M (Peak 761.05M) | Time:00:00.97 | Mem:272.00M, Peak:272.00M | Scene, ViewLayer | Loading render kernels (may take a few minutes the first time)
Fra:15 Mem:340.05M (Peak 761.05M) | Time:00:01.32 | Mem:272.00M, Peak:272.00M | Scene, ViewLayer | Updating Scene
Fra:15 Mem:340.05M (Peak 761.05M) | Time:00:01.32 | Mem:272.00M, Peak:272.00M | Scene, ViewLayer | Updating Shaders
Fra:15 Mem:340.06M (Peak 761.05M) | Time:00:01.32 | Mem:272.01M, Peak:272.01M | Scene, ViewLayer | Updating Procedurals
Fra:15 Mem:340.06M (Peak 761.05M) | Time:00:01.32 | Mem:272.01M, Peak:272.01M | Scene, ViewLayer | Updating Background
Fra:15 Mem:340.06M (Peak 761.05M) | Time:00:01.32 | Mem:272.01M, Peak:272.01M | Scene, ViewLayer | Updating Camera
Fra:15 Mem:340.06M (Peak 761.05M) | Time:00:01.32 | Mem:272.01M, Peak:272.01M | Scene, ViewLayer | Updating Meshes Flags
Fra:15 Mem:340.06M (Peak 761.05M) | Time:00:01.32 | Mem:272.01M, Peak:272.01M | Scene, ViewLayer | Updating Objects
Fra:15 Mem:340.06M (Peak 761.05M) | Time:00:01.32 | Mem:272.01M, Peak:272.01M | Scene, ViewLayer | Updating Objects | Copying Transformations to device
Fra:15 Mem:340.06M (Peak 761.05M) | Time:00:01.32 | Mem:272.01M, Peak:272.01M | Scene, ViewLayer | Updating Objects | Applying Static Transformations
Fra:15 Mem:340.06M (Peak 761.05M) | Time:00:01.32 | Mem:272.01M, Peak:272.01M | Scene, ViewLayer | Updating Particle Systems
Fra:15 Mem:340.06M (Peak 761.05M) | Time:00:01.32 | Mem:272.01M, Peak:272.01M | Scene, ViewLayer | Updating Particle Systems | Copying Particles to device
Fra:15 Mem:340.06M (Peak 761.05M) | Time:00:01.32 | Mem:272.01M, Peak:272.01M | Scene, ViewLayer | Updating Meshes
Fra:15 Mem:340.96M (Peak 761.05M) | Time:00:01.32 | Mem:272.01M, Peak:272.01M | Scene, ViewLayer | Updating Mesh | Computing attributes
Fra:15 Mem:344.08M (Peak 761.05M) | Time:00:01.32 | Mem:272.02M, Peak:272.02M | Scene, ViewLayer | Updating Mesh | Copying Attributes to device
Fra:15 Mem:344.06M (Peak 761.05M) | Time:00:01.33 | Mem:275.11M, Peak:275.11M | Scene, ViewLayer | Updating Geometry BVH low poly_Material.001_0.001 2/2 | Building BVH
Fra:15 Mem:344.16M (Peak 761.05M) | Time:00:01.33 | Mem:275.11M, Peak:275.11M | Scene, ViewLayer | Updating Geometry BVH low poly_Material.001_0 1/2 | Building BVH
Fra:15 Mem:344.31M (Peak 761.05M) | Time:00:01.33 | Mem:275.11M, Peak:275.11M | Scene, ViewLayer | Updating Geometry BVH low poly_Material.001_0 1/2 | Packing BVH triangles and strands
Fra:15 Mem:344.32M (Peak 761.05M) | Time:00:01.33 | Mem:275.11M, Peak:275.11M | Scene, ViewLayer | Updating Geometry BVH low poly_Material.001_0 1/2 | Packing BVH nodes
Fra:15 Mem:344.25M (Peak 761.05M) | Time:00:01.33 | Mem:275.11M, Peak:275.11M | Scene, ViewLayer | Updating Geometry BVH low poly_Material.001_0 1/2 | Packing BVH triangles and strands
Fra:15 Mem:344.26M (Peak 761.05M) | Time:00:01.33 | Mem:275.11M, Peak:275.11M | Scene, ViewLayer | Updating Geometry BVH low poly_Material.001_0 1/2 | Packing BVH nodes
Fra:15 Mem:344.19M (Peak 761.05M) | Time:00:01.33 | Mem:275.11M, Peak:275.11M | Scene, ViewLayer | Updating Scene BVH | Building
Fra:15 Mem:344.19M (Peak 761.05M) | Time:00:01.33 | Mem:275.11M, Peak:275.11M | Scene, ViewLayer | Updating Scene BVH | Building BVH
Fra:15 Mem:347.30M (Peak 761.05M) | Time:00:01.35 | Mem:275.11M, Peak:275.11M | Scene, ViewLayer | Updating Scene BVH | Packing BVH triangles and strands
Fra:15 Mem:347.51M (Peak 761.05M) | Time:00:01.35 | Mem:275.11M, Peak:275.11M | Scene, ViewLayer | Updating Scene BVH | Packing BVH nodes
Fra:15 Mem:347.65M (Peak 761.05M) | Time:00:01.36 | Mem:275.11M, Peak:275.11M | Scene, ViewLayer | Updating Scene BVH | Copying BVH to device
Fra:15 Mem:347.65M (Peak 761.05M) | Time:00:01.36 | Mem:276.84M, Peak:276.84M | Scene, ViewLayer | Updating Mesh | Computing normals
Fra:15 Mem:350.33M (Peak 761.05M) | Time:00:01.36 | Mem:276.84M, Peak:276.84M | Scene, ViewLayer | Updating Mesh | Copying Mesh to device
Fra:15 Mem:350.33M (Peak 761.05M) | Time:00:01.37 | Mem:279.53M, Peak:279.53M | Scene, ViewLayer | Updating Objects Flags
Fra:15 Mem:350.33M (Peak 761.05M) | Time:00:01.37 | Mem:279.53M, Peak:279.53M | Scene, ViewLayer | Updating Primitive Offsets
Fra:15 Mem:350.33M (Peak 761.05M) | Time:00:01.37 | Mem:279.53M, Peak:279.53M | Scene, ViewLayer | Updating Images
Fra:15 Mem:350.33M (Peak 761.05M) | Time:00:01.37 | Mem:279.53M, Peak:279.53M | Scene, ViewLayer | Updating Images | Loading kloofendal_48d_partly_cloudy_puresky_2k.hdr
Fra:15 Mem:382.33M (Peak 761.05M) | Time:00:01.44 | Mem:311.53M, Peak:311.53M | Scene, ViewLayer | Updating Camera Volume
Fra:15 Mem:382.33M (Peak 761.05M) | Time:00:01.44 | Mem:311.53M, Peak:311.53M | Scene, ViewLayer | Updating Lookup Tables
Fra:15 Mem:382.33M (Peak 761.05M) | Time:00:01.44 | Mem:311.53M, Peak:311.53M | Scene, ViewLayer | Updating Lights
Fra:15 Mem:382.33M (Peak 761.05M) | Time:00:01.44 | Mem:311.53M, Peak:311.53M | Scene, ViewLayer | Updating Lights | Importance map
Fra:15 Mem:446.36M (Peak 761.05M) | Time:00:01.75 | Mem:375.56M, Peak:375.56M | Scene, ViewLayer | Updating Lights | Computing distribution
Fra:15 Mem:446.36M (Peak 761.05M) | Time:00:01.75 | Mem:375.56M, Peak:375.56M | Scene, ViewLayer | Updating Lights | Computing tree
Fra:15 Mem:446.36M (Peak 761.05M) | Time:00:01.75 | Mem:375.56M, Peak:375.56M | Scene, ViewLayer | Updating Integrator
Fra:15 Mem:447.36M (Peak 761.05M) | Time:00:01.76 | Mem:376.56M, Peak:376.56M | Scene, ViewLayer | Updating Film
Fra:15 Mem:447.37M (Peak 761.05M) | Time:00:01.76 | Mem:376.56M, Peak:376.56M | Scene, ViewLayer | Updating Lookup Tables
Fra:15 Mem:447.37M (Peak 761.05M) | Time:00:01.76 | Mem:376.56M, Peak:376.56M | Scene, ViewLayer | Updating Baking
Fra:15 Mem:447.37M (Peak 761.05M) | Time:00:01.76 | Mem:376.56M, Peak:376.56M | Scene, ViewLayer | Updating Device | Writing constant memory
Fra:15 Mem:447.37M (Peak 761.05M) | Time:00:01.76 | Mem:376.56M, Peak:376.56M | Scene, ViewLayer | Loading denoising kernels (may take a few minutes the first time)
Fra:15 Mem:510.42M (Peak 761.05M) | Time:00:01.84 | Mem:376.56M, Peak:376.56M | Scene, ViewLayer | Sample 0/64
Fra:15 Mem:577.23M (Peak 761.05M) | Time:00:01.85 | Remaining:00:00.75 | Mem:376.56M, Peak:376.56M | Scene, ViewLayer | Sample 1/64
Fra:15 Mem:672.20M (Peak 761.05M) | Time:00:02.49 | Mem:443.36M, Peak:443.36M | Scene, ViewLayer | Sample 64/64
Fra:15 Mem:672.20M (Peak 761.05M) | Time:00:02.49 | Mem:443.36M, Peak:443.36M | Scene, ViewLayer | Finished
Append frame 15
 Time: 00:03.23 (Saving: 00:00.05)

Fra:16 Mem:66.70M (Peak 761.05M) | Time:00:00.54 | Mem:0.00M, Peak:0.00M | Scene, ViewLayer | Synchronizing object | Object_4
Fra:16 Mem:66.71M (Peak 761.05M) | Time:00:00.55 | Mem:0.00M, Peak:0.00M | Scene, ViewLayer | Synchronizing object | tennis_old
Fra:16 Mem:72.91M (Peak 761.05M) | Time:00:00.57 | Mem:0.00M, Peak:0.00M | Scene, ViewLayer | Initializing
Fra:16 Mem:72.81M (Peak 761.05M) | Time:00:00.58 | Mem:0.00M, Peak:0.00M | Scene, ViewLayer | Updating Images | Loading Image_1
Fra:16 Mem:72.81M (Peak 761.05M) | Time:00:00.58 | Mem:0.00M, Peak:0.00M | Scene, ViewLayer | Updating Images | Loading Image_17
Fra:16 Mem:340.04M (Peak 761.05M) | Time:00:00.99 | Mem:272.00M, Peak:272.00M | Scene, ViewLayer | Waiting for render to start
Fra:16 Mem:340.05M (Peak 761.05M) | Time:00:00.99 | Mem:272.00M, Peak:272.00M | Scene, ViewLayer | Loading render kernels (may take a few minutes the first time)
Fra:16 Mem:340.05M (Peak 761.05M) | Time:00:01.34 | Mem:272.00M, Peak:272.00M | Scene, ViewLayer | Updating Scene
Fra:16 Mem:340.05M (Peak 761.05M) | Time:00:01.34 | Mem:272.00M, Peak:272.00M | Scene, ViewLayer | Updating Shaders
Fra:16 Mem:340.06M (Peak 761.05M) | Time:00:01.34 | Mem:272.01M, Peak:272.01M | Scene, ViewLayer | Updating Procedurals
Fra:16 Mem:340.06M (Peak 761.05M) | Time:00:01.34 | Mem:272.01M, Peak:272.01M | Scene, ViewLayer | Updating Background
Fra:16 Mem:340.06M (Peak 761.05M) | Time:00:01.34 | Mem:272.01M, Peak:272.01M | Scene, ViewLayer | Updating Camera
Fra:16 Mem:340.06M (Peak 761.05M) | Time:00:01.34 | Mem:272.01M, Peak:272.01M | Scene, ViewLayer | Updating Meshes Flags
Fra:16 Mem:340.06M (Peak 761.05M) | Time:00:01.34 | Mem:272.01M, Peak:272.01M | Scene, ViewLayer | Updating Objects
Fra:16 Mem:340.06M (Peak 761.05M) | Time:00:01.34 | Mem:272.01M, Peak:272.01M | Scene, ViewLayer | Updating Objects | Copying Transformations to device
Fra:16 Mem:340.06M (Peak 761.05M) | Time:00:01.34 | Mem:272.01M, Peak:272.01M | Scene, ViewLayer | Updating Objects | Applying Static Transformations
Fra:16 Mem:340.06M (Peak 761.05M) | Time:00:01.34 | Mem:272.01M, Peak:272.01M | Scene, ViewLayer | Updating Particle Systems
Fra:16 Mem:340.06M (Peak 761.05M) | Time:00:01.34 | Mem:272.01M, Peak:272.01M | Scene, ViewLayer | Updating Particle Systems | Copying Particles to device
Fra:16 Mem:340.06M (Peak 761.05M) | Time:00:01.34 | Mem:272.01M, Peak:272.01M | Scene, ViewLayer | Updating Meshes
Fra:16 Mem:340.96M (Peak 761.05M) | Time:00:01.34 | Mem:272.01M, Peak:272.01M | Scene, ViewLayer | Updating Mesh | Computing attributes
Fra:16 Mem:344.08M (Peak 761.05M) | Time:00:01.34 | Mem:272.02M, Peak:272.02M | Scene, ViewLayer | Updating Mesh | Copying Attributes to device
Fra:16 Mem:344.06M (Peak 761.05M) | Time:00:01.34 | Mem:275.11M, Peak:275.11M | Scene, ViewLayer | Updating Geometry BVH low poly_Material.001_0.001 2/2 | Building BVH
Fra:16 Mem:344.19M (Peak 761.05M) | Time:00:01.34 | Mem:275.11M, Peak:275.11M | Scene, ViewLayer | Updating Geometry BVH low poly_Material.001_0 1/2 | Building BVH
Fra:16 Mem:344.31M (Peak 761.05M) | Time:00:01.35 | Mem:275.11M, Peak:275.11M | Scene, ViewLayer | Updating Geometry BVH low poly_Material.001_0 1/2 | Packing BVH triangles and strands
Fra:16 Mem:344.32M (Peak 761.05M) | Time:00:01.35 | Mem:275.11M, Peak:275.11M | Scene, ViewLayer | Updating Geometry BVH low poly_Material.001_0 1/2 | Packing BVH nodes
Fra:16 Mem:344.25M (Peak 761.05M) | Time:00:01.35 | Mem:275.11M, Peak:275.11M | Scene, ViewLayer | Updating Geometry BVH low poly_Material.001_0 1/2 | Packing BVH triangles and strands
Fra:16 Mem:344.26M (Peak 761.05M) | Time:00:01.35 | Mem:275.11M, Peak:275.11M | Scene, ViewLayer | Updating Geometry BVH low poly_Material.001_0 1/2 | Packing BVH nodes
Fra:16 Mem:344.19M (Peak 761.05M) | Time:00:01.35 | Mem:275.11M, Peak:275.11M | Scene, ViewLayer | Updating Scene BVH | Building
Fra:16 Mem:344.19M (Peak 761.05M) | Time:00:01.35 | Mem:275.11M, Peak:275.11M | Scene, ViewLayer | Updating Scene BVH | Building BVH
Fra:16 Mem:347.30M (Peak 761.05M) | Time:00:01.37 | Mem:275.11M, Peak:275.11M | Scene, ViewLayer | Updating Scene BVH | Packing BVH triangles and strands
Fra:16 Mem:347.51M (Peak 761.05M) | Time:00:01.37 | Mem:275.11M, Peak:275.11M | Scene, ViewLayer | Updating Scene BVH | Packing BVH nodes
Fra:16 Mem:347.65M (Peak 761.05M) | Time:00:01.38 | Mem:275.11M, Peak:275.11M | Scene, ViewLayer | Updating Scene BVH | Copying BVH to device
Fra:16 Mem:347.65M (Peak 761.05M) | Time:00:01.38 | Mem:276.85M, Peak:276.85M | Scene, ViewLayer | Updating Mesh | Computing normals
Fra:16 Mem:350.33M (Peak 761.05M) | Time:00:01.38 | Mem:276.85M, Peak:276.85M | Scene, ViewLayer | Updating Mesh | Copying Mesh to device
Fra:16 Mem:350.33M (Peak 761.05M) | Time:00:01.39 | Mem:279.53M, Peak:279.53M | Scene, ViewLayer | Updating Objects Flags
Fra:16 Mem:350.33M (Peak 761.05M) | Time:00:01.39 | Mem:279.53M, Peak:279.53M | Scene, ViewLayer | Updating Primitive Offsets
Fra:16 Mem:350.33M (Peak 761.05M) | Time:00:01.39 | Mem:279.53M, Peak:279.53M | Scene, ViewLayer | Updating Images
Fra:16 Mem:350.33M (Peak 761.05M) | Time:00:01.39 | Mem:279.53M, Peak:279.53M | Scene, ViewLayer | Updating Images | Loading kloofendal_48d_partly_cloudy_puresky_2k.hdr
Fra:16 Mem:382.33M (Peak 761.05M) | Time:00:01.46 | Mem:311.53M, Peak:311.53M | Scene, ViewLayer | Updating Camera Volume
Fra:16 Mem:382.33M (Peak 761.05M) | Time:00:01.46 | Mem:311.53M, Peak:311.53M | Scene, ViewLayer | Updating Lookup Tables
Fra:16 Mem:382.33M (Peak 761.05M) | Time:00:01.46 | Mem:311.53M, Peak:311.53M | Scene, ViewLayer | Updating Lights
Fra:16 Mem:382.33M (Peak 761.05M) | Time:00:01.46 | Mem:311.53M, Peak:311.53M | Scene, ViewLayer | Updating Lights | Importance map
Fra:16 Mem:446.36M (Peak 761.05M) | Time:00:01.76 | Mem:375.56M, Peak:375.56M | Scene, ViewLayer | Updating Lights | Computing distribution
Fra:16 Mem:446.36M (Peak 761.05M) | Time:00:01.76 | Mem:375.56M, Peak:375.56M | Scene, ViewLayer | Updating Lights | Computing tree
Fra:16 Mem:446.36M (Peak 761.05M) | Time:00:01.77 | Mem:375.56M, Peak:375.56M | Scene, ViewLayer | Updating Integrator
Fra:16 Mem:447.36M (Peak 761.05M) | Time:00:01.77 | Mem:376.56M, Peak:376.56M | Scene, ViewLayer | Updating Film
Fra:16 Mem:447.37M (Peak 761.05M) | Time:00:01.77 | Mem:376.56M, Peak:376.56M | Scene, ViewLayer | Updating Lookup Tables
Fra:16 Mem:447.37M (Peak 761.05M) | Time:00:01.77 | Mem:376.56M, Peak:376.56M | Scene, ViewLayer | Updating Baking
Fra:16 Mem:447.37M (Peak 761.05M) | Time:00:01.77 | Mem:376.56M, Peak:376.56M | Scene, ViewLayer | Updating Device | Writing constant memory
Fra:16 Mem:447.37M (Peak 761.05M) | Time:00:01.77 | Mem:376.56M, Peak:376.56M | Scene, ViewLayer | Loading denoising kernels (may take a few minutes the first time)
Fra:16 Mem:510.42M (Peak 761.05M) | Time:00:01.84 | Mem:376.56M, Peak:376.56M | Scene, ViewLayer | Sample 0/64
Fra:16 Mem:577.24M (Peak 761.05M) | Time:00:01.85 | Remaining:00:00.73 | Mem:376.56M, Peak:376.56M | Scene, ViewLayer | Sample 1/64
Fra:16 Mem:672.20M (Peak 761.05M) | Time:00:02.42 | Mem:443.36M, Peak:443.36M | Scene, ViewLayer | Sample 64/64
Fra:16 Mem:672.20M (Peak 761.05M) | Time:00:02.42 | Mem:443.36M, Peak:443.36M | Scene, ViewLayer | Finished
Append frame 16
 Time: 00:03.16 (Saving: 00:00.05)

Fra:17 Mem:66.70M (Peak 761.05M) | Time:00:00.54 | Mem:0.00M, Peak:0.00M | Scene, ViewLayer | Synchronizing object | Object_4
Fra:17 Mem:66.70M (Peak 761.05M) | Time:00:00.54 | Mem:0.00M, Peak:0.00M | Scene, ViewLayer | Synchronizing object | Object_18
Fra:17 Mem:66.71M (Peak 761.05M) | Time:00:00.54 | Mem:0.00M, Peak:0.00M | Scene, ViewLayer | Synchronizing object | tennis_old
Fra:17 Mem:72.91M (Peak 761.05M) | Time:00:00.57 | Mem:0.00M, Peak:0.00M | Scene, ViewLayer | Initializing
Fra:17 Mem:72.81M (Peak 761.05M) | Time:00:00.57 | Mem:0.00M, Peak:0.00M | Scene, ViewLayer | Updating Images | Loading Image_0.002
Fra:17 Mem:72.81M (Peak 761.05M) | Time:00:00.57 | Mem:0.00M, Peak:0.00M | Scene, ViewLayer | Updating Images | Loading Image_0.001
Fra:17 Mem:76.82M (Peak 761.05M) | Time:00:00.57 | Mem:0.00M, Peak:0.00M | Scene, ViewLayer | Updating Images | Loading Image_11
Fra:17 Mem:340.04M (Peak 761.05M) | Time:00:00.99 | Mem:272.00M, Peak:272.00M | Scene, ViewLayer | Waiting for render to start
Fra:17 Mem:340.05M (Peak 761.05M) | Time:00:00.99 | Mem:272.00M, Peak:272.00M | Scene, ViewLayer | Loading render kernels (may take a few minutes the first time)
Fra:17 Mem:340.05M (Peak 761.05M) | Time:00:01.34 | Mem:272.00M, Peak:272.00M | Scene, ViewLayer | Updating Scene
Fra:17 Mem:340.05M (Peak 761.05M) | Time:00:01.34 | Mem:272.00M, Peak:272.00M | Scene, ViewLayer | Updating Shaders
Fra:17 Mem:340.06M (Peak 761.05M) | Time:00:01.34 | Mem:272.01M, Peak:272.01M | Scene, ViewLayer | Updating Procedurals
Fra:17 Mem:340.06M (Peak 761.05M) | Time:00:01.34 | Mem:272.01M, Peak:272.01M | Scene, ViewLayer | Updating Background
Fra:17 Mem:340.06M (Peak 761.05M) | Time:00:01.34 | Mem:272.01M, Peak:272.01M | Scene, ViewLayer | Updating Camera
Fra:17 Mem:340.06M (Peak 761.05M) | Time:00:01.34 | Mem:272.01M, Peak:272.01M | Scene, ViewLayer | Updating Meshes Flags
Fra:17 Mem:340.06M (Peak 761.05M) | Time:00:01.34 | Mem:272.01M, Peak:272.01M | Scene, ViewLayer | Updating Objects
Fra:17 Mem:340.06M (Peak 761.05M) | Time:00:01.34 | Mem:272.01M, Peak:272.01M | Scene, ViewLayer | Updating Objects | Copying Transformations to device
Fra:17 Mem:340.06M (Peak 761.05M) | Time:00:01.34 | Mem:272.01M, Peak:272.01M | Scene, ViewLayer | Updating Objects | Applying Static Transformations
Fra:17 Mem:340.06M (Peak 761.05M) | Time:00:01.34 | Mem:272.01M, Peak:272.01M | Scene, ViewLayer | Updating Particle Systems
Fra:17 Mem:340.06M (Peak 761.05M) | Time:00:01.34 | Mem:272.01M, Peak:272.01M | Scene, ViewLayer | Updating Particle Systems | Copying Particles to device
Fra:17 Mem:340.06M (Peak 761.05M) | Time:00:01.34 | Mem:272.01M, Peak:272.01M | Scene, ViewLayer | Updating Meshes
Fra:17 Mem:340.96M (Peak 761.05M) | Time:00:01.35 | Mem:272.01M, Peak:272.01M | Scene, ViewLayer | Updating Mesh | Computing attributes
Fra:17 Mem:344.08M (Peak 761.05M) | Time:00:01.35 | Mem:272.02M, Peak:272.02M | Scene, ViewLayer | Updating Mesh | Copying Attributes to device
Fra:17 Mem:344.06M (Peak 761.05M) | Time:00:01.35 | Mem:275.11M, Peak:275.11M | Scene, ViewLayer | Updating Geometry BVH low poly_Material.001_0.001 2/2 | Building BVH
Fra:17 Mem:344.19M (Peak 761.05M) | Time:00:01.35 | Mem:275.11M, Peak:275.11M | Scene, ViewLayer | Updating Geometry BVH low poly_Material.001_0 1/2 | Building BVH
Fra:17 Mem:344.32M (Peak 761.05M) | Time:00:01.35 | Mem:275.11M, Peak:275.11M | Scene, ViewLayer | Updating Geometry BVH low poly_Material.001_0 1/2 | Packing BVH triangles and strands
Fra:17 Mem:344.32M (Peak 761.05M) | Time:00:01.35 | Mem:275.11M, Peak:275.11M | Scene, ViewLayer | Updating Geometry BVH low poly_Material.001_0 1/2 | Packing BVH nodes
Fra:17 Mem:344.25M (Peak 761.05M) | Time:00:01.36 | Mem:275.11M, Peak:275.11M | Scene, ViewLayer | Updating Geometry BVH low poly_Material.001_0 1/2 | Packing BVH triangles and strands
Fra:17 Mem:344.26M (Peak 761.05M) | Time:00:01.36 | Mem:275.11M, Peak:275.11M | Scene, ViewLayer | Updating Geometry BVH low poly_Material.001_0 1/2 | Packing BVH nodes
Fra:17 Mem:344.19M (Peak 761.05M) | Time:00:01.36 | Mem:275.11M, Peak:275.11M | Scene, ViewLayer | Updating Scene BVH | Building
Fra:17 Mem:344.19M (Peak 761.05M) | Time:00:01.36 | Mem:275.11M, Peak:275.11M | Scene, ViewLayer | Updating Scene BVH | Building BVH
Fra:17 Mem:347.30M (Peak 761.05M) | Time:00:01.38 | Mem:275.11M, Peak:275.11M | Scene, ViewLayer | Updating Scene BVH | Packing BVH triangles and strands
Fra:17 Mem:347.51M (Peak 761.05M) | Time:00:01.38 | Mem:275.11M, Peak:275.11M | Scene, ViewLayer | Updating Scene BVH | Packing BVH nodes
Fra:17 Mem:347.65M (Peak 761.05M) | Time:00:01.38 | Mem:275.11M, Peak:275.11M | Scene, ViewLayer | Updating Scene BVH | Copying BVH to device
Fra:17 Mem:347.65M (Peak 761.05M) | Time:00:01.39 | Mem:276.84M, Peak:276.84M | Scene, ViewLayer | Updating Mesh | Computing normals
Fra:17 Mem:350.33M (Peak 761.05M) | Time:00:01.39 | Mem:276.84M, Peak:276.84M | Scene, ViewLayer | Updating Mesh | Copying Mesh to device
Fra:17 Mem:350.33M (Peak 761.05M) | Time:00:01.39 | Mem:279.53M, Peak:279.53M | Scene, ViewLayer | Updating Objects Flags
Fra:17 Mem:350.33M (Peak 761.05M) | Time:00:01.39 | Mem:279.53M, Peak:279.53M | Scene, ViewLayer | Updating Primitive Offsets
Fra:17 Mem:350.33M (Peak 761.05M) | Time:00:01.39 | Mem:279.53M, Peak:279.53M | Scene, ViewLayer | Updating Images
Fra:17 Mem:350.33M (Peak 761.05M) | Time:00:01.39 | Mem:279.53M, Peak:279.53M | Scene, ViewLayer | Updating Images | Loading kloofendal_48d_partly_cloudy_puresky_2k.hdr
Fra:17 Mem:382.33M (Peak 761.05M) | Time:00:01.48 | Mem:311.53M, Peak:311.53M | Scene, ViewLayer | Updating Camera Volume
Fra:17 Mem:382.33M (Peak 761.05M) | Time:00:01.48 | Mem:311.53M, Peak:311.53M | Scene, ViewLayer | Updating Lookup Tables
Fra:17 Mem:382.33M (Peak 761.05M) | Time:00:01.48 | Mem:311.53M, Peak:311.53M | Scene, ViewLayer | Updating Lights
Fra:17 Mem:382.33M (Peak 761.05M) | Time:00:01.48 | Mem:311.53M, Peak:311.53M | Scene, ViewLayer | Updating Lights | Importance map
Fra:17 Mem:446.36M (Peak 761.05M) | Time:00:01.78 | Mem:375.56M, Peak:375.56M | Scene, ViewLayer | Updating Lights | Computing distribution
Fra:17 Mem:446.36M (Peak 761.05M) | Time:00:01.78 | Mem:375.56M, Peak:375.56M | Scene, ViewLayer | Updating Lights | Computing tree
Fra:17 Mem:446.36M (Peak 761.05M) | Time:00:01.78 | Mem:375.56M, Peak:375.56M | Scene, ViewLayer | Updating Integrator
Fra:17 Mem:447.36M (Peak 761.05M) | Time:00:01.79 | Mem:376.56M, Peak:376.56M | Scene, ViewLayer | Updating Film
Fra:17 Mem:447.37M (Peak 761.05M) | Time:00:01.79 | Mem:376.56M, Peak:376.56M | Scene, ViewLayer | Updating Lookup Tables
Fra:17 Mem:447.37M (Peak 761.05M) | Time:00:01.79 | Mem:376.56M, Peak:376.56M | Scene, ViewLayer | Updating Baking
Fra:17 Mem:447.37M (Peak 761.05M) | Time:00:01.79 | Mem:376.56M, Peak:376.56M | Scene, ViewLayer | Updating Device | Writing constant memory
Fra:17 Mem:447.37M (Peak 761.05M) | Time:00:01.79 | Mem:376.56M, Peak:376.56M | Scene, ViewLayer | Loading denoising kernels (may take a few minutes the first time)
Fra:17 Mem:510.42M (Peak 761.05M) | Time:00:01.86 | Mem:376.56M, Peak:376.56M | Scene, ViewLayer | Sample 0/64
Fra:17 Mem:577.23M (Peak 761.05M) | Time:00:01.87 | Remaining:00:00.80 | Mem:376.56M, Peak:376.56M | Scene, ViewLayer | Sample 1/64
Fra:17 Mem:672.20M (Peak 761.05M) | Time:00:02.48 | Mem:443.36M, Peak:443.36M | Scene, ViewLayer | Sample 64/64
Fra:17 Mem:672.20M (Peak 761.05M) | Time:00:02.48 | Mem:443.36M, Peak:443.36M | Scene, ViewLayer | Finished
Append frame 17
 Time: 00:03.21 (Saving: 00:00.05)

Fra:18 Mem:66.70M (Peak 761.05M) | Time:00:00.54 | Mem:0.00M, Peak:0.00M | Scene, ViewLayer | Synchronizing object | Object_4
Fra:18 Mem:66.70M (Peak 761.05M) | Time:00:00.54 | Mem:0.00M, Peak:0.00M | Scene, ViewLayer | Synchronizing object | Object_30
Fra:18 Mem:66.80M (Peak 761.05M) | Time:00:00.54 | Mem:0.00M, Peak:0.00M | Scene, ViewLayer | Synchronizing object | tennis_old
Fra:18 Mem:72.91M (Peak 761.05M) | Time:00:00.57 | Mem:0.00M, Peak:0.00M | Scene, ViewLayer | Initializing
Fra:18 Mem:72.81M (Peak 761.05M) | Time:00:00.57 | Mem:0.00M, Peak:0.00M | Scene, ViewLayer | Updating Images | Loading Image_0.002
Fra:18 Mem:72.81M (Peak 761.05M) | Time:00:00.57 | Mem:0.00M, Peak:0.00M | Scene, ViewLayer | Updating Images | Loading Image_9
Fra:18 Mem:76.82M (Peak 761.05M) | Time:00:00.57 | Mem:0.00M, Peak:0.00M | Scene, ViewLayer | Updating Images | Loading Image_0
Fra:18 Mem:340.04M (Peak 761.05M) | Time:00:00.98 | Mem:272.00M, Peak:272.00M | Scene, ViewLayer | Waiting for render to start
Fra:18 Mem:340.05M (Peak 761.05M) | Time:00:00.98 | Mem:272.00M, Peak:272.00M | Scene, ViewLayer | Loading render kernels (may take a few minutes the first time)
Fra:18 Mem:340.05M (Peak 761.05M) | Time:00:01.36 | Mem:272.00M, Peak:272.00M | Scene, ViewLayer | Updating Scene
Fra:18 Mem:340.05M (Peak 761.05M) | Time:00:01.36 | Mem:272.00M, Peak:272.00M | Scene, ViewLayer | Updating Shaders
Fra:18 Mem:340.06M (Peak 761.05M) | Time:00:01.36 | Mem:272.01M, Peak:272.01M | Scene, ViewLayer | Updating Procedurals
Fra:18 Mem:340.06M (Peak 761.05M) | Time:00:01.36 | Mem:272.01M, Peak:272.01M | Scene, ViewLayer | Updating Background
Fra:18 Mem:340.06M (Peak 761.05M) | Time:00:01.36 | Mem:272.01M, Peak:272.01M | Scene, ViewLayer | Updating Camera
Fra:18 Mem:340.06M (Peak 761.05M) | Time:00:01.36 | Mem:272.01M, Peak:272.01M | Scene, ViewLayer | Updating Meshes Flags
Fra:18 Mem:340.06M (Peak 761.05M) | Time:00:01.36 | Mem:272.01M, Peak:272.01M | Scene, ViewLayer | Updating Objects
Fra:18 Mem:340.06M (Peak 761.05M) | Time:00:01.36 | Mem:272.01M, Peak:272.01M | Scene, ViewLayer | Updating Objects | Copying Transformations to device
Fra:18 Mem:340.06M (Peak 761.05M) | Time:00:01.36 | Mem:272.01M, Peak:272.01M | Scene, ViewLayer | Updating Objects | Applying Static Transformations
Fra:18 Mem:340.06M (Peak 761.05M) | Time:00:01.36 | Mem:272.01M, Peak:272.01M | Scene, ViewLayer | Updating Particle Systems
Fra:18 Mem:340.06M (Peak 761.05M) | Time:00:01.36 | Mem:272.01M, Peak:272.01M | Scene, ViewLayer | Updating Particle Systems | Copying Particles to device
Fra:18 Mem:340.06M (Peak 761.05M) | Time:00:01.36 | Mem:272.01M, Peak:272.01M | Scene, ViewLayer | Updating Meshes
Fra:18 Mem:340.96M (Peak 761.05M) | Time:00:01.36 | Mem:272.01M, Peak:272.01M | Scene, ViewLayer | Updating Mesh | Computing attributes
Fra:18 Mem:344.08M (Peak 761.05M) | Time:00:01.36 | Mem:272.02M, Peak:272.02M | Scene, ViewLayer | Updating Mesh | Copying Attributes to device
Fra:18 Mem:344.06M (Peak 761.05M) | Time:00:01.37 | Mem:275.11M, Peak:275.11M | Scene, ViewLayer | Updating Geometry BVH low poly_Material.001_0.001 2/2 | Building BVH
Fra:18 Mem:344.19M (Peak 761.05M) | Time:00:01.37 | Mem:275.11M, Peak:275.11M | Scene, ViewLayer | Updating Geometry BVH low poly_Material.001_0 1/2 | Building BVH
Fra:18 Mem:344.32M (Peak 761.05M) | Time:00:01.37 | Mem:275.11M, Peak:275.11M | Scene, ViewLayer | Updating Geometry BVH low poly_Material.001_0 1/2 | Packing BVH triangles and strands
Fra:18 Mem:344.32M (Peak 761.05M) | Time:00:01.37 | Mem:275.11M, Peak:275.11M | Scene, ViewLayer | Updating Geometry BVH low poly_Material.001_0 1/2 | Packing BVH nodes
Fra:18 Mem:344.25M (Peak 761.05M) | Time:00:01.37 | Mem:275.11M, Peak:275.11M | Scene, ViewLayer | Updating Geometry BVH low poly_Material.001_0 1/2 | Packing BVH triangles and strands
Fra:18 Mem:344.26M (Peak 761.05M) | Time:00:01.37 | Mem:275.11M, Peak:275.11M | Scene, ViewLayer | Updating Geometry BVH low poly_Material.001_0 1/2 | Packing BVH nodes
Fra:18 Mem:344.19M (Peak 761.05M) | Time:00:01.37 | Mem:275.11M, Peak:275.11M | Scene, ViewLayer | Updating Scene BVH | Building
Fra:18 Mem:344.19M (Peak 761.05M) | Time:00:01.37 | Mem:275.11M, Peak:275.11M | Scene, ViewLayer | Updating Scene BVH | Building BVH
Fra:18 Mem:347.30M (Peak 761.05M) | Time:00:01.39 | Mem:275.11M, Peak:275.11M | Scene, ViewLayer | Updating Scene BVH | Packing BVH triangles and strands
Fra:18 Mem:347.51M (Peak 761.05M) | Time:00:01.39 | Mem:275.11M, Peak:275.11M | Scene, ViewLayer | Updating Scene BVH | Packing BVH nodes
Fra:18 Mem:347.65M (Peak 761.05M) | Time:00:01.40 | Mem:275.11M, Peak:275.11M | Scene, ViewLayer | Updating Scene BVH | Copying BVH to device
Fra:18 Mem:347.65M (Peak 761.05M) | Time:00:01.40 | Mem:276.84M, Peak:276.84M | Scene, ViewLayer | Updating Mesh | Computing normals
Fra:18 Mem:350.33M (Peak 761.05M) | Time:00:01.40 | Mem:276.84M, Peak:276.84M | Scene, ViewLayer | Updating Mesh | Copying Mesh to device
Fra:18 Mem:350.33M (Peak 761.05M) | Time:00:01.40 | Mem:279.53M, Peak:279.53M | Scene, ViewLayer | Updating Objects Flags
Fra:18 Mem:350.33M (Peak 761.05M) | Time:00:01.40 | Mem:279.53M, Peak:279.53M | Scene, ViewLayer | Updating Primitive Offsets
Fra:18 Mem:350.33M (Peak 761.05M) | Time:00:01.40 | Mem:279.53M, Peak:279.53M | Scene, ViewLayer | Updating Images
Fra:18 Mem:350.33M (Peak 761.05M) | Time:00:01.40 | Mem:279.53M, Peak:279.53M | Scene, ViewLayer | Updating Images | Loading kloofendal_48d_partly_cloudy_puresky_2k.hdr
Fra:18 Mem:382.33M (Peak 761.05M) | Time:00:01.49 | Mem:311.53M, Peak:311.53M | Scene, ViewLayer | Updating Camera Volume
Fra:18 Mem:382.33M (Peak 761.05M) | Time:00:01.49 | Mem:311.53M, Peak:311.53M | Scene, ViewLayer | Updating Lookup Tables
Fra:18 Mem:382.33M (Peak 761.05M) | Time:00:01.49 | Mem:311.53M, Peak:311.53M | Scene, ViewLayer | Updating Lights
Fra:18 Mem:382.33M (Peak 761.05M) | Time:00:01.49 | Mem:311.53M, Peak:311.53M | Scene, ViewLayer | Updating Lights | Importance map
Fra:18 Mem:446.36M (Peak 761.05M) | Time:00:01.82 | Mem:375.56M, Peak:375.56M | Scene, ViewLayer | Updating Lights | Computing distribution
Fra:18 Mem:446.36M (Peak 761.05M) | Time:00:01.82 | Mem:375.56M, Peak:375.56M | Scene, ViewLayer | Updating Lights | Computing tree
Fra:18 Mem:446.36M (Peak 761.05M) | Time:00:01.82 | Mem:375.56M, Peak:375.56M | Scene, ViewLayer | Updating Integrator
Fra:18 Mem:447.36M (Peak 761.05M) | Time:00:01.82 | Mem:376.56M, Peak:376.56M | Scene, ViewLayer | Updating Film
Fra:18 Mem:447.37M (Peak 761.05M) | Time:00:01.82 | Mem:376.56M, Peak:376.56M | Scene, ViewLayer | Updating Lookup Tables
Fra:18 Mem:447.37M (Peak 761.05M) | Time:00:01.82 | Mem:376.56M, Peak:376.56M | Scene, ViewLayer | Updating Baking
Fra:18 Mem:447.37M (Peak 761.05M) | Time:00:01.82 | Mem:376.56M, Peak:376.56M | Scene, ViewLayer | Updating Device | Writing constant memory
Fra:18 Mem:447.37M (Peak 761.05M) | Time:00:01.82 | Mem:376.56M, Peak:376.56M | Scene, ViewLayer | Loading denoising kernels (may take a few minutes the first time)
Fra:18 Mem:510.42M (Peak 761.05M) | Time:00:01.89 | Mem:376.56M, Peak:376.56M | Scene, ViewLayer | Sample 0/64
Fra:18 Mem:577.23M (Peak 761.05M) | Time:00:01.90 | Remaining:00:00.73 | Mem:376.56M, Peak:376.56M | Scene, ViewLayer | Sample 1/64
Fra:18 Mem:672.20M (Peak 761.05M) | Time:00:02.50 | Mem:443.36M, Peak:443.36M | Scene, ViewLayer | Sample 64/64
Fra:18 Mem:672.20M (Peak 761.05M) | Time:00:02.50 | Mem:443.36M, Peak:443.36M | Scene, ViewLayer | Finished
Append frame 18
 Time: 00:03.28 (Saving: 00:00.05)

Fra:19 Mem:66.70M (Peak 761.05M) | Time:00:00.54 | Mem:0.00M, Peak:0.00M | Scene, ViewLayer | Synchronizing object | Object_4
Fra:19 Mem:66.70M (Peak 761.05M) | Time:00:00.54 | Mem:0.00M, Peak:0.00M | Scene, ViewLayer | Synchronizing object | Object_18
Fra:19 Mem:66.80M (Peak 761.05M) | Time:00:00.54 | Mem:0.00M, Peak:0.00M | Scene, ViewLayer | Synchronizing object | Object_37
Fra:19 Mem:66.98M (Peak 761.05M) | Time:00:00.54 | Mem:0.00M, Peak:0.00M | Scene, ViewLayer | Synchronizing object | tennis_old
Fra:19 Mem:72.91M (Peak 761.05M) | Time:00:00.57 | Mem:0.00M, Peak:0.00M | Scene, ViewLayer | Initializing
Fra:19 Mem:72.82M (Peak 761.05M) | Time:00:00.57 | Mem:0.00M, Peak:0.00M | Scene, ViewLayer | Updating Images | Loading Image_0
Fra:19 Mem:88.82M (Peak 761.05M) | Time:00:00.57 | Mem:0.00M, Peak:0.00M | Scene, ViewLayer | Updating Images | Loading Image_0.002
Fra:19 Mem:88.82M (Peak 761.05M) | Time:00:00.57 | Mem:0.00M, Peak:0.00M | Scene, ViewLayer | Updating Images | Loading Image_0.001
Fra:19 Mem:340.04M (Peak 761.05M) | Time:00:00.97 | Mem:272.00M, Peak:272.00M | Scene, ViewLayer | Waiting for render to start
Fra:19 Mem:340.05M (Peak 761.05M) | Time:00:00.97 | Mem:272.00M, Peak:272.00M | Scene, ViewLayer | Loading render kernels (may take a few minutes the first time)
Fra:19 Mem:340.05M (Peak 761.05M) | Time:00:01.31 | Mem:272.00M, Peak:272.00M | Scene, ViewLayer | Updating Scene
Fra:19 Mem:340.05M (Peak 761.05M) | Time:00:01.31 | Mem:272.00M, Peak:272.00M | Scene, ViewLayer | Updating Shaders
Fra:19 Mem:340.06M (Peak 761.05M) | Time:00:01.31 | Mem:272.01M, Peak:272.01M | Scene, ViewLayer | Updating Procedurals
Fra:19 Mem:340.06M (Peak 761.05M) | Time:00:01.31 | Mem:272.01M, Peak:272.01M | Scene, ViewLayer | Updating Background
Fra:19 Mem:340.06M (Peak 761.05M) | Time:00:01.31 | Mem:272.01M, Peak:272.01M | Scene, ViewLayer | Updating Camera
Fra:19 Mem:340.06M (Peak 761.05M) | Time:00:01.31 | Mem:272.01M, Peak:272.01M | Scene, ViewLayer | Updating Meshes Flags
Fra:19 Mem:340.06M (Peak 761.05M) | Time:00:01.31 | Mem:272.01M, Peak:272.01M | Scene, ViewLayer | Updating Objects
Fra:19 Mem:340.06M (Peak 761.05M) | Time:00:01.31 | Mem:272.01M, Peak:272.01M | Scene, ViewLayer | Updating Objects | Copying Transformations to device
Fra:19 Mem:340.06M (Peak 761.05M) | Time:00:01.31 | Mem:272.01M, Peak:272.01M | Scene, ViewLayer | Updating Objects | Applying Static Transformations
Fra:19 Mem:340.06M (Peak 761.05M) | Time:00:01.31 | Mem:272.01M, Peak:272.01M | Scene, ViewLayer | Updating Particle Systems
Fra:19 Mem:340.06M (Peak 761.05M) | Time:00:01.31 | Mem:272.01M, Peak:272.01M | Scene, ViewLayer | Updating Particle Systems | Copying Particles to device
Fra:19 Mem:340.06M (Peak 761.05M) | Time:00:01.31 | Mem:272.01M, Peak:272.01M | Scene, ViewLayer | Updating Meshes
Fra:19 Mem:340.96M (Peak 761.05M) | Time:00:01.31 | Mem:272.01M, Peak:272.01M | Scene, ViewLayer | Updating Mesh | Computing attributes
Fra:19 Mem:344.08M (Peak 761.05M) | Time:00:01.31 | Mem:272.02M, Peak:272.02M | Scene, ViewLayer | Updating Mesh | Copying Attributes to device
Fra:19 Mem:344.06M (Peak 761.05M) | Time:00:01.32 | Mem:275.11M, Peak:275.11M | Scene, ViewLayer | Updating Geometry BVH low poly_Material.001_0.001 2/2 | Building BVH
Fra:19 Mem:344.19M (Peak 761.05M) | Time:00:01.32 | Mem:275.11M, Peak:275.11M | Scene, ViewLayer | Updating Geometry BVH low poly_Material.001_0 1/2 | Building BVH
Fra:19 Mem:344.32M (Peak 761.05M) | Time:00:01.32 | Mem:275.11M, Peak:275.11M | Scene, ViewLayer | Updating Geometry BVH low poly_Material.001_0 1/2 | Packing BVH triangles and strands
Fra:19 Mem:344.32M (Peak 761.05M) | Time:00:01.32 | Mem:275.11M, Peak:275.11M | Scene, ViewLayer | Updating Geometry BVH low poly_Material.001_0 1/2 | Packing BVH nodes
Fra:19 Mem:344.25M (Peak 761.05M) | Time:00:01.32 | Mem:275.11M, Peak:275.11M | Scene, ViewLayer | Updating Geometry BVH low poly_Material.001_0 1/2 | Packing BVH triangles and strands
Fra:19 Mem:344.26M (Peak 761.05M) | Time:00:01.32 | Mem:275.11M, Peak:275.11M | Scene, ViewLayer | Updating Geometry BVH low poly_Material.001_0 1/2 | Packing BVH nodes
Fra:19 Mem:344.19M (Peak 761.05M) | Time:00:01.32 | Mem:275.11M, Peak:275.11M | Scene, ViewLayer | Updating Scene BVH | Building
Fra:19 Mem:344.19M (Peak 761.05M) | Time:00:01.32 | Mem:275.11M, Peak:275.11M | Scene, ViewLayer | Updating Scene BVH | Building BVH
Fra:19 Mem:347.31M (Peak 761.05M) | Time:00:01.34 | Mem:275.11M, Peak:275.11M | Scene, ViewLayer | Updating Scene BVH | Packing BVH triangles and strands
Fra:19 Mem:347.51M (Peak 761.05M) | Time:00:01.34 | Mem:275.11M, Peak:275.11M | Scene, ViewLayer | Updating Scene BVH | Packing BVH nodes
Fra:19 Mem:347.65M (Peak 761.05M) | Time:00:01.35 | Mem:275.11M, Peak:275.11M | Scene, ViewLayer | Updating Scene BVH | Copying BVH to device
Fra:19 Mem:347.65M (Peak 761.05M) | Time:00:01.35 | Mem:276.84M, Peak:276.84M | Scene, ViewLayer | Updating Mesh | Computing normals
Fra:19 Mem:350.33M (Peak 761.05M) | Time:00:01.35 | Mem:276.84M, Peak:276.84M | Scene, ViewLayer | Updating Mesh | Copying Mesh to device
Fra:19 Mem:350.33M (Peak 761.05M) | Time:00:01.36 | Mem:279.52M, Peak:279.52M | Scene, ViewLayer | Updating Objects Flags
Fra:19 Mem:350.33M (Peak 761.05M) | Time:00:01.36 | Mem:279.53M, Peak:279.53M | Scene, ViewLayer | Updating Primitive Offsets
Fra:19 Mem:350.33M (Peak 761.05M) | Time:00:01.36 | Mem:279.53M, Peak:279.53M | Scene, ViewLayer | Updating Images
Fra:19 Mem:350.33M (Peak 761.05M) | Time:00:01.36 | Mem:279.53M, Peak:279.53M | Scene, ViewLayer | Updating Images | Loading kloofendal_48d_partly_cloudy_puresky_2k.hdr
Fra:19 Mem:382.33M (Peak 761.05M) | Time:00:01.43 | Mem:311.53M, Peak:311.53M | Scene, ViewLayer | Updating Camera Volume
Fra:19 Mem:382.33M (Peak 761.05M) | Time:00:01.43 | Mem:311.53M, Peak:311.53M | Scene, ViewLayer | Updating Lookup Tables
Fra:19 Mem:382.33M (Peak 761.05M) | Time:00:01.43 | Mem:311.53M, Peak:311.53M | Scene, ViewLayer | Updating Lights
Fra:19 Mem:382.33M (Peak 761.05M) | Time:00:01.43 | Mem:311.53M, Peak:311.53M | Scene, ViewLayer | Updating Lights | Importance map
Fra:19 Mem:446.36M (Peak 761.05M) | Time:00:01.74 | Mem:375.56M, Peak:375.56M | Scene, ViewLayer | Updating Lights | Computing distribution
Fra:19 Mem:446.36M (Peak 761.05M) | Time:00:01.74 | Mem:375.56M, Peak:375.56M | Scene, ViewLayer | Updating Lights | Computing tree
Fra:19 Mem:446.36M (Peak 761.05M) | Time:00:01.74 | Mem:375.56M, Peak:375.56M | Scene, ViewLayer | Updating Integrator
Fra:19 Mem:447.36M (Peak 761.05M) | Time:00:01.75 | Mem:376.56M, Peak:376.56M | Scene, ViewLayer | Updating Film
Fra:19 Mem:447.37M (Peak 761.05M) | Time:00:01.75 | Mem:376.56M, Peak:376.56M | Scene, ViewLayer | Updating Lookup Tables
Fra:19 Mem:447.37M (Peak 761.05M) | Time:00:01.75 | Mem:376.56M, Peak:376.56M | Scene, ViewLayer | Updating Baking
Fra:19 Mem:447.37M (Peak 761.05M) | Time:00:01.75 | Mem:376.56M, Peak:376.56M | Scene, ViewLayer | Updating Device | Writing constant memory
Fra:19 Mem:447.37M (Peak 761.05M) | Time:00:01.75 | Mem:376.56M, Peak:376.56M | Scene, ViewLayer | Loading denoising kernels (may take a few minutes the first time)
Fra:19 Mem:510.42M (Peak 761.05M) | Time:00:01.82 | Mem:376.56M, Peak:376.56M | Scene, ViewLayer | Sample 0/64
Fra:19 Mem:577.23M (Peak 761.05M) | Time:00:01.83 | Remaining:00:00.70 | Mem:376.56M, Peak:376.56M | Scene, ViewLayer | Sample 1/64
Fra:19 Mem:672.20M (Peak 761.05M) | Time:00:02.40 | Mem:443.36M, Peak:443.36M | Scene, ViewLayer | Sample 64/64
Fra:19 Mem:672.20M (Peak 761.05M) | Time:00:02.40 | Mem:443.36M, Peak:443.36M | Scene, ViewLayer | Finished
Append frame 19
 Time: 00:03.12 (Saving: 00:00.04)

Fra:20 Mem:66.70M (Peak 761.05M) | Time:00:00.53 | Mem:0.00M, Peak:0.00M | Scene, ViewLayer | Synchronizing object | Object_4
Fra:20 Mem:66.70M (Peak 761.05M) | Time:00:00.53 | Mem:0.00M, Peak:0.00M | Scene, ViewLayer | Synchronizing object | Object_20
Fra:20 Mem:66.80M (Peak 761.05M) | Time:00:00.53 | Mem:0.00M, Peak:0.00M | Scene, ViewLayer | Synchronizing object | tennis_old
Fra:20 Mem:72.91M (Peak 761.05M) | Time:00:00.55 | Mem:0.00M, Peak:0.00M | Scene, ViewLayer | Initializing
Fra:20 Mem:72.82M (Peak 761.05M) | Time:00:00.56 | Mem:0.00M, Peak:0.00M | Scene, ViewLayer | Updating Images | Loading Image_0.002
Fra:20 Mem:72.82M (Peak 761.05M) | Time:00:00.56 | Mem:0.00M, Peak:0.00M | Scene, ViewLayer | Updating Images | Loading Image_8
Fra:20 Mem:76.82M (Peak 761.05M) | Time:00:00.56 | Mem:0.00M, Peak:0.00M | Scene, ViewLayer | Updating Images | Loading Image_17
Fra:20 Mem:340.05M (Peak 761.05M) | Time:00:00.98 | Mem:272.00M, Peak:272.00M | Scene, ViewLayer | Waiting for render to start
Fra:20 Mem:340.05M (Peak 761.05M) | Time:00:00.98 | Mem:272.00M, Peak:272.00M | Scene, ViewLayer | Loading render kernels (may take a few minutes the first time)
Fra:20 Mem:340.05M (Peak 761.05M) | Time:00:01.33 | Mem:272.00M, Peak:272.00M | Scene, ViewLayer | Updating Scene
Fra:20 Mem:340.05M (Peak 761.05M) | Time:00:01.33 | Mem:272.00M, Peak:272.00M | Scene, ViewLayer | Updating Shaders
Fra:20 Mem:340.06M (Peak 761.05M) | Time:00:01.33 | Mem:272.01M, Peak:272.01M | Scene, ViewLayer | Updating Procedurals
Fra:20 Mem:340.06M (Peak 761.05M) | Time:00:01.33 | Mem:272.01M, Peak:272.01M | Scene, ViewLayer | Updating Background
Fra:20 Mem:340.06M (Peak 761.05M) | Time:00:01.33 | Mem:272.01M, Peak:272.01M | Scene, ViewLayer | Updating Camera
Fra:20 Mem:340.06M (Peak 761.05M) | Time:00:01.33 | Mem:272.01M, Peak:272.01M | Scene, ViewLayer | Updating Meshes Flags
Fra:20 Mem:340.06M (Peak 761.05M) | Time:00:01.33 | Mem:272.01M, Peak:272.01M | Scene, ViewLayer | Updating Objects
Fra:20 Mem:340.06M (Peak 761.05M) | Time:00:01.33 | Mem:272.01M, Peak:272.01M | Scene, ViewLayer | Updating Objects | Copying Transformations to device
Fra:20 Mem:340.06M (Peak 761.05M) | Time:00:01.33 | Mem:272.01M, Peak:272.01M | Scene, ViewLayer | Updating Objects | Applying Static Transformations
Fra:20 Mem:340.06M (Peak 761.05M) | Time:00:01.33 | Mem:272.01M, Peak:272.01M | Scene, ViewLayer | Updating Particle Systems
Fra:20 Mem:340.06M (Peak 761.05M) | Time:00:01.33 | Mem:272.01M, Peak:272.01M | Scene, ViewLayer | Updating Particle Systems | Copying Particles to device
Fra:20 Mem:340.06M (Peak 761.05M) | Time:00:01.33 | Mem:272.01M, Peak:272.01M | Scene, ViewLayer | Updating Meshes
Fra:20 Mem:340.96M (Peak 761.05M) | Time:00:01.33 | Mem:272.01M, Peak:272.01M | Scene, ViewLayer | Updating Mesh | Computing attributes
Fra:20 Mem:344.08M (Peak 761.05M) | Time:00:01.33 | Mem:272.02M, Peak:272.02M | Scene, ViewLayer | Updating Mesh | Copying Attributes to device
Fra:20 Mem:344.06M (Peak 761.05M) | Time:00:01.34 | Mem:275.11M, Peak:275.11M | Scene, ViewLayer | Updating Geometry BVH low poly_Material.001_0.001 2/2 | Building BVH
Fra:20 Mem:344.19M (Peak 761.05M) | Time:00:01.34 | Mem:275.11M, Peak:275.11M | Scene, ViewLayer | Updating Geometry BVH low poly_Material.001_0 1/2 | Building BVH
Fra:20 Mem:344.32M (Peak 761.05M) | Time:00:01.34 | Mem:275.11M, Peak:275.11M | Scene, ViewLayer | Updating Geometry BVH low poly_Material.001_0 1/2 | Packing BVH triangles and strands
Fra:20 Mem:344.33M (Peak 761.05M) | Time:00:01.34 | Mem:275.11M, Peak:275.11M | Scene, ViewLayer | Updating Geometry BVH low poly_Material.001_0 1/2 | Packing BVH nodes
Fra:20 Mem:344.25M (Peak 761.05M) | Time:00:01.34 | Mem:275.11M, Peak:275.11M | Scene, ViewLayer | Updating Geometry BVH low poly_Material.001_0 1/2 | Packing BVH triangles and strands
Fra:20 Mem:344.26M (Peak 761.05M) | Time:00:01.34 | Mem:275.11M, Peak:275.11M | Scene, ViewLayer | Updating Geometry BVH low poly_Material.001_0 1/2 | Packing BVH nodes
Fra:20 Mem:344.19M (Peak 761.05M) | Time:00:01.35 | Mem:275.11M, Peak:275.11M | Scene, ViewLayer | Updating Scene BVH | Building
Fra:20 Mem:344.19M (Peak 761.05M) | Time:00:01.35 | Mem:275.11M, Peak:275.11M | Scene, ViewLayer | Updating Scene BVH | Building BVH
Fra:20 Mem:347.31M (Peak 761.05M) | Time:00:01.37 | Mem:275.11M, Peak:275.11M | Scene, ViewLayer | Updating Scene BVH | Packing BVH triangles and strands
Fra:20 Mem:347.51M (Peak 761.05M) | Time:00:01.37 | Mem:275.11M, Peak:275.11M | Scene, ViewLayer | Updating Scene BVH | Packing BVH nodes
Fra:20 Mem:347.65M (Peak 761.05M) | Time:00:01.37 | Mem:275.11M, Peak:275.11M | Scene, ViewLayer | Updating Scene BVH | Copying BVH to device
Fra:20 Mem:347.65M (Peak 761.05M) | Time:00:01.37 | Mem:276.84M, Peak:276.84M | Scene, ViewLayer | Updating Mesh | Computing normals
Fra:20 Mem:350.33M (Peak 761.05M) | Time:00:01.37 | Mem:276.84M, Peak:276.84M | Scene, ViewLayer | Updating Mesh | Copying Mesh to device
Fra:20 Mem:350.33M (Peak 761.05M) | Time:00:01.38 | Mem:279.53M, Peak:279.53M | Scene, ViewLayer | Updating Objects Flags
Fra:20 Mem:350.33M (Peak 761.05M) | Time:00:01.38 | Mem:279.53M, Peak:279.53M | Scene, ViewLayer | Updating Primitive Offsets
Fra:20 Mem:350.33M (Peak 761.05M) | Time:00:01.38 | Mem:279.53M, Peak:279.53M | Scene, ViewLayer | Updating Images
Fra:20 Mem:350.33M (Peak 761.05M) | Time:00:01.38 | Mem:279.53M, Peak:279.53M | Scene, ViewLayer | Updating Images | Loading kloofendal_48d_partly_cloudy_puresky_2k.hdr
Fra:20 Mem:382.33M (Peak 761.05M) | Time:00:01.45 | Mem:311.53M, Peak:311.53M | Scene, ViewLayer | Updating Camera Volume
Fra:20 Mem:382.33M (Peak 761.05M) | Time:00:01.45 | Mem:311.53M, Peak:311.53M | Scene, ViewLayer | Updating Lookup Tables
Fra:20 Mem:382.33M (Peak 761.05M) | Time:00:01.45 | Mem:311.53M, Peak:311.53M | Scene, ViewLayer | Updating Lights
Fra:20 Mem:382.33M (Peak 761.05M) | Time:00:01.45 | Mem:311.53M, Peak:311.53M | Scene, ViewLayer | Updating Lights | Importance map
Fra:20 Mem:446.36M (Peak 761.05M) | Time:00:01.75 | Mem:375.56M, Peak:375.56M | Scene, ViewLayer | Updating Lights | Computing distribution
Fra:20 Mem:446.36M (Peak 761.05M) | Time:00:01.75 | Mem:375.56M, Peak:375.56M | Scene, ViewLayer | Updating Lights | Computing tree
Fra:20 Mem:446.36M (Peak 761.05M) | Time:00:01.75 | Mem:375.56M, Peak:375.56M | Scene, ViewLayer | Updating Integrator
Fra:20 Mem:447.36M (Peak 761.05M) | Time:00:01.75 | Mem:376.56M, Peak:376.56M | Scene, ViewLayer | Updating Film
Fra:20 Mem:447.37M (Peak 761.05M) | Time:00:01.75 | Mem:376.56M, Peak:376.56M | Scene, ViewLayer | Updating Lookup Tables
Fra:20 Mem:447.37M (Peak 761.05M) | Time:00:01.75 | Mem:376.56M, Peak:376.56M | Scene, ViewLayer | Updating Baking
Fra:20 Mem:447.37M (Peak 761.05M) | Time:00:01.75 | Mem:376.56M, Peak:376.56M | Scene, ViewLayer | Updating Device | Writing constant memory
Fra:20 Mem:447.37M (Peak 761.05M) | Time:00:01.75 | Mem:376.56M, Peak:376.56M | Scene, ViewLayer | Loading denoising kernels (may take a few minutes the first time)
Fra:20 Mem:510.42M (Peak 761.05M) | Time:00:01.82 | Mem:376.56M, Peak:376.56M | Scene, ViewLayer | Sample 0/64
Fra:20 Mem:577.24M (Peak 761.05M) | Time:00:01.84 | Remaining:00:00.75 | Mem:376.56M, Peak:376.56M | Scene, ViewLayer | Sample 1/64
Fra:20 Mem:672.20M (Peak 761.05M) | Time:00:02.42 | Mem:443.36M, Peak:443.36M | Scene, ViewLayer | Sample 64/64
Fra:20 Mem:672.20M (Peak 761.05M) | Time:00:02.42 | Mem:443.36M, Peak:443.36M | Scene, ViewLayer | Finished
Append frame 20
 Time: 00:03.15 (Saving: 00:00.05)

Fra:21 Mem:66.70M (Peak 761.05M) | Time:00:00.53 | Mem:0.00M, Peak:0.00M | Scene, ViewLayer | Synchronizing object | Object_4
Fra:21 Mem:66.70M (Peak 761.05M) | Time:00:00.53 | Mem:0.00M, Peak:0.00M | Scene, ViewLayer | Synchronizing object | Object_26
Fra:21 Mem:66.80M (Peak 761.05M) | Time:00:00.53 | Mem:0.00M, Peak:0.00M | Scene, ViewLayer | Synchronizing object | tennis_old
Fra:21 Mem:72.91M (Peak 761.05M) | Time:00:00.55 | Mem:0.00M, Peak:0.00M | Scene, ViewLayer | Initializing
Fra:21 Mem:72.82M (Peak 761.05M) | Time:00:00.56 | Mem:0.00M, Peak:0.00M | Scene, ViewLayer | Updating Images | Loading Image_0
Fra:21 Mem:72.82M (Peak 761.05M) | Time:00:00.56 | Mem:0.00M, Peak:0.00M | Scene, ViewLayer | Updating Images | Loading Image_5
Fra:21 Mem:340.05M (Peak 761.05M) | Time:00:00.96 | Mem:272.00M, Peak:272.00M | Scene, ViewLayer | Waiting for render to start
Fra:21 Mem:340.05M (Peak 761.05M) | Time:00:00.96 | Mem:272.00M, Peak:272.00M | Scene, ViewLayer | Loading render kernels (may take a few minutes the first time)
Fra:21 Mem:340.05M (Peak 761.05M) | Time:00:01.31 | Mem:272.00M, Peak:272.00M | Scene, ViewLayer | Updating Scene
Fra:21 Mem:340.05M (Peak 761.05M) | Time:00:01.31 | Mem:272.00M, Peak:272.00M | Scene, ViewLayer | Updating Shaders
Fra:21 Mem:340.06M (Peak 761.05M) | Time:00:01.31 | Mem:272.01M, Peak:272.01M | Scene, ViewLayer | Updating Procedurals
Fra:21 Mem:340.06M (Peak 761.05M) | Time:00:01.31 | Mem:272.01M, Peak:272.01M | Scene, ViewLayer | Updating Background
Fra:21 Mem:340.06M (Peak 761.05M) | Time:00:01.31 | Mem:272.01M, Peak:272.01M | Scene, ViewLayer | Updating Camera
Fra:21 Mem:340.06M (Peak 761.05M) | Time:00:01.31 | Mem:272.01M, Peak:272.01M | Scene, ViewLayer | Updating Meshes Flags
Fra:21 Mem:340.06M (Peak 761.05M) | Time:00:01.31 | Mem:272.01M, Peak:272.01M | Scene, ViewLayer | Updating Objects
Fra:21 Mem:340.06M (Peak 761.05M) | Time:00:01.31 | Mem:272.01M, Peak:272.01M | Scene, ViewLayer | Updating Objects | Copying Transformations to device
Fra:21 Mem:340.06M (Peak 761.05M) | Time:00:01.31 | Mem:272.01M, Peak:272.01M | Scene, ViewLayer | Updating Objects | Applying Static Transformations
Fra:21 Mem:340.06M (Peak 761.05M) | Time:00:01.31 | Mem:272.01M, Peak:272.01M | Scene, ViewLayer | Updating Particle Systems
Fra:21 Mem:340.06M (Peak 761.05M) | Time:00:01.31 | Mem:272.01M, Peak:272.01M | Scene, ViewLayer | Updating Particle Systems | Copying Particles to device
Fra:21 Mem:340.06M (Peak 761.05M) | Time:00:01.31 | Mem:272.01M, Peak:272.01M | Scene, ViewLayer | Updating Meshes
Fra:21 Mem:340.96M (Peak 761.05M) | Time:00:01.31 | Mem:272.01M, Peak:272.01M | Scene, ViewLayer | Updating Mesh | Computing attributes
Fra:21 Mem:344.08M (Peak 761.05M) | Time:00:01.31 | Mem:272.02M, Peak:272.02M | Scene, ViewLayer | Updating Mesh | Copying Attributes to device
Fra:21 Mem:344.06M (Peak 761.05M) | Time:00:01.31 | Mem:275.11M, Peak:275.11M | Scene, ViewLayer | Updating Geometry BVH low poly_Material.001_0.001 2/2 | Building BVH
Fra:21 Mem:344.19M (Peak 761.05M) | Time:00:01.31 | Mem:275.11M, Peak:275.11M | Scene, ViewLayer | Updating Geometry BVH low poly_Material.001_0 1/2 | Building BVH
Fra:21 Mem:344.32M (Peak 761.05M) | Time:00:01.32 | Mem:275.11M, Peak:275.11M | Scene, ViewLayer | Updating Geometry BVH low poly_Material.001_0 1/2 | Packing BVH triangles and strands
Fra:21 Mem:344.33M (Peak 761.05M) | Time:00:01.32 | Mem:275.11M, Peak:275.11M | Scene, ViewLayer | Updating Geometry BVH low poly_Material.001_0 1/2 | Packing BVH nodes
Fra:21 Mem:344.25M (Peak 761.05M) | Time:00:01.32 | Mem:275.11M, Peak:275.11M | Scene, ViewLayer | Updating Geometry BVH low poly_Material.001_0 1/2 | Packing BVH triangles and strands
Fra:21 Mem:344.26M (Peak 761.05M) | Time:00:01.32 | Mem:275.11M, Peak:275.11M | Scene, ViewLayer | Updating Geometry BVH low poly_Material.001_0 1/2 | Packing BVH nodes
Fra:21 Mem:344.19M (Peak 761.05M) | Time:00:01.32 | Mem:275.11M, Peak:275.11M | Scene, ViewLayer | Updating Scene BVH | Building
Fra:21 Mem:344.19M (Peak 761.05M) | Time:00:01.32 | Mem:275.11M, Peak:275.11M | Scene, ViewLayer | Updating Scene BVH | Building BVH
Fra:21 Mem:347.31M (Peak 761.05M) | Time:00:01.34 | Mem:275.11M, Peak:275.11M | Scene, ViewLayer | Updating Scene BVH | Packing BVH triangles and strands
Fra:21 Mem:347.51M (Peak 761.05M) | Time:00:01.34 | Mem:275.11M, Peak:275.11M | Scene, ViewLayer | Updating Scene BVH | Packing BVH nodes
Fra:21 Mem:347.65M (Peak 761.05M) | Time:00:01.34 | Mem:275.11M, Peak:275.11M | Scene, ViewLayer | Updating Scene BVH | Copying BVH to device
Fra:21 Mem:347.65M (Peak 761.05M) | Time:00:01.35 | Mem:276.84M, Peak:276.84M | Scene, ViewLayer | Updating Mesh | Computing normals
Fra:21 Mem:350.33M (Peak 761.05M) | Time:00:01.35 | Mem:276.84M, Peak:276.84M | Scene, ViewLayer | Updating Mesh | Copying Mesh to device
Fra:21 Mem:350.33M (Peak 761.05M) | Time:00:01.35 | Mem:279.53M, Peak:279.53M | Scene, ViewLayer | Updating Objects Flags
Fra:21 Mem:350.33M (Peak 761.05M) | Time:00:01.35 | Mem:279.53M, Peak:279.53M | Scene, ViewLayer | Updating Primitive Offsets
Fra:21 Mem:350.33M (Peak 761.05M) | Time:00:01.35 | Mem:279.53M, Peak:279.53M | Scene, ViewLayer | Updating Images
Fra:21 Mem:350.33M (Peak 761.05M) | Time:00:01.35 | Mem:279.53M, Peak:279.53M | Scene, ViewLayer | Updating Images | Loading kloofendal_48d_partly_cloudy_puresky_2k.hdr
Fra:21 Mem:382.33M (Peak 761.05M) | Time:00:01.43 | Mem:311.53M, Peak:311.53M | Scene, ViewLayer | Updating Camera Volume
Fra:21 Mem:382.33M (Peak 761.05M) | Time:00:01.43 | Mem:311.53M, Peak:311.53M | Scene, ViewLayer | Updating Lookup Tables
Fra:21 Mem:382.33M (Peak 761.05M) | Time:00:01.43 | Mem:311.53M, Peak:311.53M | Scene, ViewLayer | Updating Lights
Fra:21 Mem:382.33M (Peak 761.05M) | Time:00:01.43 | Mem:311.53M, Peak:311.53M | Scene, ViewLayer | Updating Lights | Importance map
Fra:21 Mem:446.36M (Peak 761.05M) | Time:00:01.72 | Mem:375.56M, Peak:375.56M | Scene, ViewLayer | Updating Lights | Computing distribution
Fra:21 Mem:446.36M (Peak 761.05M) | Time:00:01.72 | Mem:375.56M, Peak:375.56M | Scene, ViewLayer | Updating Lights | Computing tree
Fra:21 Mem:446.36M (Peak 761.05M) | Time:00:01.73 | Mem:375.56M, Peak:375.56M | Scene, ViewLayer | Updating Integrator
Fra:21 Mem:447.36M (Peak 761.05M) | Time:00:01.73 | Mem:376.56M, Peak:376.56M | Scene, ViewLayer | Updating Film
Fra:21 Mem:447.37M (Peak 761.05M) | Time:00:01.73 | Mem:376.56M, Peak:376.56M | Scene, ViewLayer | Updating Lookup Tables
Fra:21 Mem:447.37M (Peak 761.05M) | Time:00:01.73 | Mem:376.56M, Peak:376.56M | Scene, ViewLayer | Updating Baking
Fra:21 Mem:447.37M (Peak 761.05M) | Time:00:01.73 | Mem:376.56M, Peak:376.56M | Scene, ViewLayer | Updating Device | Writing constant memory
Fra:21 Mem:447.37M (Peak 761.05M) | Time:00:01.73 | Mem:376.56M, Peak:376.56M | Scene, ViewLayer | Loading denoising kernels (may take a few minutes the first time)
Fra:21 Mem:510.42M (Peak 761.05M) | Time:00:01.80 | Mem:376.56M, Peak:376.56M | Scene, ViewLayer | Sample 0/64
Fra:21 Mem:577.24M (Peak 761.05M) | Time:00:01.81 | Remaining:00:00.76 | Mem:376.56M, Peak:376.56M | Scene, ViewLayer | Sample 1/64
Fra:21 Mem:672.20M (Peak 761.05M) | Time:00:02.41 | Mem:443.36M, Peak:443.36M | Scene, ViewLayer | Sample 64/64
Fra:21 Mem:672.20M (Peak 761.05M) | Time:00:02.41 | Mem:443.36M, Peak:443.36M | Scene, ViewLayer | Finished
Append frame 21
 Time: 00:03.15 (Saving: 00:00.05)

Fra:22 Mem:66.70M (Peak 761.05M) | Time:00:00.53 | Mem:0.00M, Peak:0.00M | Scene, ViewLayer | Synchronizing object | Object_4
Fra:22 Mem:66.71M (Peak 761.05M) | Time:00:00.53 | Mem:0.00M, Peak:0.00M | Scene, ViewLayer | Synchronizing object | Object_32
Fra:22 Mem:66.80M (Peak 761.05M) | Time:00:00.53 | Mem:0.00M, Peak:0.00M | Scene, ViewLayer | Synchronizing object | tennis_old
Fra:22 Mem:72.91M (Peak 761.05M) | Time:00:00.56 | Mem:0.00M, Peak:0.00M | Scene, ViewLayer | Initializing
Fra:22 Mem:72.82M (Peak 761.05M) | Time:00:00.56 | Mem:0.00M, Peak:0.00M | Scene, ViewLayer | Updating Images | Loading Image_0.002
Fra:22 Mem:76.82M (Peak 761.05M) | Time:00:00.56 | Mem:0.00M, Peak:0.00M | Scene, ViewLayer | Updating Images | Loading Image_7
Fra:22 Mem:76.82M (Peak 761.05M) | Time:00:00.56 | Mem:0.00M, Peak:0.00M | Scene, ViewLayer | Updating Images | Loading Image_17
Fra:22 Mem:340.03M (Peak 761.05M) | Time:00:00.95 | Mem:272.00M, Peak:272.00M | Scene, ViewLayer | Waiting for render to start
Fra:22 Mem:340.04M (Peak 761.05M) | Time:00:00.95 | Mem:272.00M, Peak:272.00M | Scene, ViewLayer | Loading render kernels (may take a few minutes the first time)
Fra:22 Mem:340.04M (Peak 761.05M) | Time:00:01.29 | Mem:272.00M, Peak:272.00M | Scene, ViewLayer | Updating Scene
Fra:22 Mem:340.04M (Peak 761.05M) | Time:00:01.29 | Mem:272.00M, Peak:272.00M | Scene, ViewLayer | Updating Shaders
Fra:22 Mem:340.05M (Peak 761.05M) | Time:00:01.29 | Mem:272.01M, Peak:272.01M | Scene, ViewLayer | Updating Procedurals
Fra:22 Mem:340.05M (Peak 761.05M) | Time:00:01.29 | Mem:272.01M, Peak:272.01M | Scene, ViewLayer | Updating Background
Fra:22 Mem:340.05M (Peak 761.05M) | Time:00:01.29 | Mem:272.01M, Peak:272.01M | Scene, ViewLayer | Updating Camera
Fra:22 Mem:340.05M (Peak 761.05M) | Time:00:01.29 | Mem:272.01M, Peak:272.01M | Scene, ViewLayer | Updating Meshes Flags
Fra:22 Mem:340.05M (Peak 761.05M) | Time:00:01.29 | Mem:272.01M, Peak:272.01M | Scene, ViewLayer | Updating Objects
Fra:22 Mem:340.05M (Peak 761.05M) | Time:00:01.29 | Mem:272.01M, Peak:272.01M | Scene, ViewLayer | Updating Objects | Copying Transformations to device
Fra:22 Mem:340.05M (Peak 761.05M) | Time:00:01.30 | Mem:272.01M, Peak:272.01M | Scene, ViewLayer | Updating Objects | Applying Static Transformations
Fra:22 Mem:340.05M (Peak 761.05M) | Time:00:01.30 | Mem:272.01M, Peak:272.01M | Scene, ViewLayer | Updating Particle Systems
Fra:22 Mem:340.05M (Peak 761.05M) | Time:00:01.30 | Mem:272.01M, Peak:272.01M | Scene, ViewLayer | Updating Particle Systems | Copying Particles to device
Fra:22 Mem:340.05M (Peak 761.05M) | Time:00:01.30 | Mem:272.01M, Peak:272.01M | Scene, ViewLayer | Updating Meshes
Fra:22 Mem:340.95M (Peak 761.05M) | Time:00:01.30 | Mem:272.01M, Peak:272.01M | Scene, ViewLayer | Updating Mesh | Computing attributes
Fra:22 Mem:344.07M (Peak 761.05M) | Time:00:01.30 | Mem:272.02M, Peak:272.02M | Scene, ViewLayer | Updating Mesh | Copying Attributes to device
Fra:22 Mem:344.05M (Peak 761.05M) | Time:00:01.30 | Mem:275.11M, Peak:275.11M | Scene, ViewLayer | Updating Geometry BVH low poly_Material.001_0.001 2/2 | Building BVH
Fra:22 Mem:344.18M (Peak 761.05M) | Time:00:01.30 | Mem:275.11M, Peak:275.11M | Scene, ViewLayer | Updating Geometry BVH low poly_Material.001_0 1/2 | Building BVH
Fra:22 Mem:344.31M (Peak 761.05M) | Time:00:01.30 | Mem:275.11M, Peak:275.11M | Scene, ViewLayer | Updating Geometry BVH low poly_Material.001_0 1/2 | Packing BVH triangles and strands
Fra:22 Mem:344.31M (Peak 761.05M) | Time:00:01.30 | Mem:275.11M, Peak:275.11M | Scene, ViewLayer | Updating Geometry BVH low poly_Material.001_0 1/2 | Packing BVH nodes
Fra:22 Mem:344.24M (Peak 761.05M) | Time:00:01.31 | Mem:275.11M, Peak:275.11M | Scene, ViewLayer | Updating Geometry BVH low poly_Material.001_0 1/2 | Packing BVH triangles and strands
Fra:22 Mem:344.25M (Peak 761.05M) | Time:00:01.31 | Mem:275.11M, Peak:275.11M | Scene, ViewLayer | Updating Geometry BVH low poly_Material.001_0 1/2 | Packing BVH nodes
Fra:22 Mem:344.18M (Peak 761.05M) | Time:00:01.31 | Mem:275.11M, Peak:275.11M | Scene, ViewLayer | Updating Scene BVH | Building
Fra:22 Mem:344.18M (Peak 761.05M) | Time:00:01.31 | Mem:275.11M, Peak:275.11M | Scene, ViewLayer | Updating Scene BVH | Building BVH
Fra:22 Mem:347.29M (Peak 761.05M) | Time:00:01.33 | Mem:275.11M, Peak:275.11M | Scene, ViewLayer | Updating Scene BVH | Packing BVH triangles and strands
Fra:22 Mem:347.50M (Peak 761.05M) | Time:00:01.33 | Mem:275.11M, Peak:275.11M | Scene, ViewLayer | Updating Scene BVH | Packing BVH nodes
Fra:22 Mem:347.64M (Peak 761.05M) | Time:00:01.33 | Mem:275.11M, Peak:275.11M | Scene, ViewLayer | Updating Scene BVH | Copying BVH to device
Fra:22 Mem:347.64M (Peak 761.05M) | Time:00:01.34 | Mem:276.84M, Peak:276.84M | Scene, ViewLayer | Updating Mesh | Computing normals
Fra:22 Mem:350.32M (Peak 761.05M) | Time:00:01.34 | Mem:276.84M, Peak:276.84M | Scene, ViewLayer | Updating Mesh | Copying Mesh to device
Fra:22 Mem:350.32M (Peak 761.05M) | Time:00:01.34 | Mem:279.53M, Peak:279.53M | Scene, ViewLayer | Updating Objects Flags
Fra:22 Mem:350.32M (Peak 761.05M) | Time:00:01.34 | Mem:279.53M, Peak:279.53M | Scene, ViewLayer | Updating Primitive Offsets
Fra:22 Mem:350.32M (Peak 761.05M) | Time:00:01.34 | Mem:279.53M, Peak:279.53M | Scene, ViewLayer | Updating Images
Fra:22 Mem:350.32M (Peak 761.05M) | Time:00:01.34 | Mem:279.53M, Peak:279.53M | Scene, ViewLayer | Updating Images | Loading kloofendal_48d_partly_cloudy_puresky_2k.hdr
Fra:22 Mem:382.32M (Peak 761.05M) | Time:00:01.42 | Mem:311.53M, Peak:311.53M | Scene, ViewLayer | Updating Camera Volume
Fra:22 Mem:382.32M (Peak 761.05M) | Time:00:01.42 | Mem:311.53M, Peak:311.53M | Scene, ViewLayer | Updating Lookup Tables
Fra:22 Mem:382.32M (Peak 761.05M) | Time:00:01.42 | Mem:311.53M, Peak:311.53M | Scene, ViewLayer | Updating Lights
Fra:22 Mem:382.32M (Peak 761.05M) | Time:00:01.42 | Mem:311.53M, Peak:311.53M | Scene, ViewLayer | Updating Lights | Importance map
Fra:22 Mem:446.35M (Peak 761.05M) | Time:00:01.71 | Mem:375.56M, Peak:375.56M | Scene, ViewLayer | Updating Lights | Computing distribution
Fra:22 Mem:446.35M (Peak 761.05M) | Time:00:01.71 | Mem:375.56M, Peak:375.56M | Scene, ViewLayer | Updating Lights | Computing tree
Fra:22 Mem:446.35M (Peak 761.05M) | Time:00:01.71 | Mem:375.56M, Peak:375.56M | Scene, ViewLayer | Updating Integrator
Fra:22 Mem:447.35M (Peak 761.05M) | Time:00:01.72 | Mem:376.56M, Peak:376.56M | Scene, ViewLayer | Updating Film
Fra:22 Mem:447.36M (Peak 761.05M) | Time:00:01.72 | Mem:376.56M, Peak:376.56M | Scene, ViewLayer | Updating Lookup Tables
Fra:22 Mem:447.36M (Peak 761.05M) | Time:00:01.72 | Mem:376.56M, Peak:376.56M | Scene, ViewLayer | Updating Baking
Fra:22 Mem:447.36M (Peak 761.05M) | Time:00:01.72 | Mem:376.56M, Peak:376.56M | Scene, ViewLayer | Updating Device | Writing constant memory
Fra:22 Mem:447.36M (Peak 761.05M) | Time:00:01.72 | Mem:376.56M, Peak:376.56M | Scene, ViewLayer | Loading denoising kernels (may take a few minutes the first time)
Fra:22 Mem:510.41M (Peak 761.05M) | Time:00:01.79 | Mem:376.56M, Peak:376.56M | Scene, ViewLayer | Sample 0/64
Fra:22 Mem:577.22M (Peak 761.05M) | Time:00:01.80 | Remaining:00:00.73 | Mem:376.56M, Peak:376.56M | Scene, ViewLayer | Sample 1/64
Fra:22 Mem:672.19M (Peak 761.05M) | Time:00:02.38 | Mem:443.36M, Peak:443.36M | Scene, ViewLayer | Sample 64/64
Fra:22 Mem:672.19M (Peak 761.05M) | Time:00:02.38 | Mem:443.36M, Peak:443.36M | Scene, ViewLayer | Finished
Append frame 22
 Time: 00:03.11 (Saving: 00:00.05)

Fra:23 Mem:66.70M (Peak 761.05M) | Time:00:00.53 | Mem:0.00M, Peak:0.00M | Scene, ViewLayer | Synchronizing object | Object_4
Fra:23 Mem:66.71M (Peak 761.05M) | Time:00:00.53 | Mem:0.00M, Peak:0.00M | Scene, ViewLayer | Synchronizing object | Object_22
Fra:23 Mem:66.81M (Peak 761.05M) | Time:00:00.53 | Mem:0.00M, Peak:0.00M | Scene, ViewLayer | Synchronizing object | Object_26
Fra:23 Mem:66.95M (Peak 761.05M) | Time:00:00.53 | Mem:0.00M, Peak:0.00M | Scene, ViewLayer | Synchronizing object | tennis_old
Fra:23 Mem:72.91M (Peak 761.05M) | Time:00:00.56 | Mem:0.00M, Peak:0.00M | Scene, ViewLayer | Initializing
Fra:23 Mem:72.82M (Peak 761.05M) | Time:00:00.56 | Mem:0.00M, Peak:0.00M | Scene, ViewLayer | Updating Images | Loading Image_0.002
Fra:23 Mem:72.82M (Peak 761.05M) | Time:00:00.56 | Mem:0.00M, Peak:0.00M | Scene, ViewLayer | Updating Images | Loading Image_1
Fra:23 Mem:340.05M (Peak 761.05M) | Time:00:00.95 | Mem:272.00M, Peak:272.00M | Scene, ViewLayer | Waiting for render to start
Fra:23 Mem:340.05M (Peak 761.05M) | Time:00:00.95 | Mem:272.00M, Peak:272.00M | Scene, ViewLayer | Loading render kernels (may take a few minutes the first time)
Fra:23 Mem:340.05M (Peak 761.05M) | Time:00:01.29 | Mem:272.00M, Peak:272.00M | Scene, ViewLayer | Updating Scene
Fra:23 Mem:340.05M (Peak 761.05M) | Time:00:01.29 | Mem:272.00M, Peak:272.00M | Scene, ViewLayer | Updating Shaders
Fra:23 Mem:340.06M (Peak 761.05M) | Time:00:01.29 | Mem:272.01M, Peak:272.01M | Scene, ViewLayer | Updating Procedurals
Fra:23 Mem:340.06M (Peak 761.05M) | Time:00:01.29 | Mem:272.01M, Peak:272.01M | Scene, ViewLayer | Updating Background
Fra:23 Mem:340.06M (Peak 761.05M) | Time:00:01.29 | Mem:272.01M, Peak:272.01M | Scene, ViewLayer | Updating Camera
Fra:23 Mem:340.06M (Peak 761.05M) | Time:00:01.29 | Mem:272.01M, Peak:272.01M | Scene, ViewLayer | Updating Meshes Flags
Fra:23 Mem:340.06M (Peak 761.05M) | Time:00:01.29 | Mem:272.01M, Peak:272.01M | Scene, ViewLayer | Updating Objects
Fra:23 Mem:340.06M (Peak 761.05M) | Time:00:01.29 | Mem:272.01M, Peak:272.01M | Scene, ViewLayer | Updating Objects | Copying Transformations to device
Fra:23 Mem:340.06M (Peak 761.05M) | Time:00:01.29 | Mem:272.01M, Peak:272.01M | Scene, ViewLayer | Updating Objects | Applying Static Transformations
Fra:23 Mem:340.06M (Peak 761.05M) | Time:00:01.29 | Mem:272.01M, Peak:272.01M | Scene, ViewLayer | Updating Particle Systems
Fra:23 Mem:340.06M (Peak 761.05M) | Time:00:01.29 | Mem:272.01M, Peak:272.01M | Scene, ViewLayer | Updating Particle Systems | Copying Particles to device
Fra:23 Mem:340.06M (Peak 761.05M) | Time:00:01.29 | Mem:272.01M, Peak:272.01M | Scene, ViewLayer | Updating Meshes
Fra:23 Mem:340.96M (Peak 761.05M) | Time:00:01.29 | Mem:272.01M, Peak:272.01M | Scene, ViewLayer | Updating Mesh | Computing attributes
Fra:23 Mem:344.08M (Peak 761.05M) | Time:00:01.30 | Mem:272.02M, Peak:272.02M | Scene, ViewLayer | Updating Mesh | Copying Attributes to device
Fra:23 Mem:344.06M (Peak 761.05M) | Time:00:01.30 | Mem:275.11M, Peak:275.11M | Scene, ViewLayer | Updating Geometry BVH low poly_Material.001_0.001 2/2 | Building BVH
Fra:23 Mem:344.19M (Peak 761.05M) | Time:00:01.30 | Mem:275.11M, Peak:275.11M | Scene, ViewLayer | Updating Geometry BVH low poly_Material.001_0 1/2 | Building BVH
Fra:23 Mem:344.32M (Peak 761.05M) | Time:00:01.30 | Mem:275.11M, Peak:275.11M | Scene, ViewLayer | Updating Geometry BVH low poly_Material.001_0 1/2 | Packing BVH triangles and strands
Fra:23 Mem:344.33M (Peak 761.05M) | Time:00:01.30 | Mem:275.11M, Peak:275.11M | Scene, ViewLayer | Updating Geometry BVH low poly_Material.001_0 1/2 | Packing BVH nodes
Fra:23 Mem:344.25M (Peak 761.05M) | Time:00:01.31 | Mem:275.11M, Peak:275.11M | Scene, ViewLayer | Updating Geometry BVH low poly_Material.001_0 1/2 | Packing BVH triangles and strands
Fra:23 Mem:344.26M (Peak 761.05M) | Time:00:01.31 | Mem:275.11M, Peak:275.11M | Scene, ViewLayer | Updating Geometry BVH low poly_Material.001_0 1/2 | Packing BVH nodes
Fra:23 Mem:344.19M (Peak 761.05M) | Time:00:01.31 | Mem:275.11M, Peak:275.11M | Scene, ViewLayer | Updating Scene BVH | Building
Fra:23 Mem:344.19M (Peak 761.05M) | Time:00:01.31 | Mem:275.11M, Peak:275.11M | Scene, ViewLayer | Updating Scene BVH | Building BVH
Fra:23 Mem:347.31M (Peak 761.05M) | Time:00:01.33 | Mem:275.11M, Peak:275.11M | Scene, ViewLayer | Updating Scene BVH | Packing BVH triangles and strands
Fra:23 Mem:347.51M (Peak 761.05M) | Time:00:01.33 | Mem:275.11M, Peak:275.11M | Scene, ViewLayer | Updating Scene BVH | Packing BVH nodes
Fra:23 Mem:347.65M (Peak 761.05M) | Time:00:01.33 | Mem:275.11M, Peak:275.11M | Scene, ViewLayer | Updating Scene BVH | Copying BVH to device
Fra:23 Mem:347.65M (Peak 761.05M) | Time:00:01.33 | Mem:276.84M, Peak:276.84M | Scene, ViewLayer | Updating Mesh | Computing normals
Fra:23 Mem:350.33M (Peak 761.05M) | Time:00:01.34 | Mem:276.84M, Peak:276.84M | Scene, ViewLayer | Updating Mesh | Copying Mesh to device
Fra:23 Mem:350.33M (Peak 761.05M) | Time:00:01.34 | Mem:279.53M, Peak:279.53M | Scene, ViewLayer | Updating Objects Flags
Fra:23 Mem:350.33M (Peak 761.05M) | Time:00:01.34 | Mem:279.53M, Peak:279.53M | Scene, ViewLayer | Updating Primitive Offsets
Fra:23 Mem:350.33M (Peak 761.05M) | Time:00:01.34 | Mem:279.53M, Peak:279.53M | Scene, ViewLayer | Updating Images
Fra:23 Mem:350.33M (Peak 761.05M) | Time:00:01.34 | Mem:279.53M, Peak:279.53M | Scene, ViewLayer | Updating Images | Loading kloofendal_48d_partly_cloudy_puresky_2k.hdr
Fra:23 Mem:382.33M (Peak 761.05M) | Time:00:01.43 | Mem:311.53M, Peak:311.53M | Scene, ViewLayer | Updating Camera Volume
Fra:23 Mem:382.33M (Peak 761.05M) | Time:00:01.43 | Mem:311.53M, Peak:311.53M | Scene, ViewLayer | Updating Lookup Tables
Fra:23 Mem:382.33M (Peak 761.05M) | Time:00:01.43 | Mem:311.53M, Peak:311.53M | Scene, ViewLayer | Updating Lights
Fra:23 Mem:382.33M (Peak 761.05M) | Time:00:01.43 | Mem:311.53M, Peak:311.53M | Scene, ViewLayer | Updating Lights | Importance map
Fra:23 Mem:446.36M (Peak 761.05M) | Time:00:01.73 | Mem:375.56M, Peak:375.56M | Scene, ViewLayer | Updating Lights | Computing distribution
Fra:23 Mem:446.36M (Peak 761.05M) | Time:00:01.73 | Mem:375.56M, Peak:375.56M | Scene, ViewLayer | Updating Lights | Computing tree
Fra:23 Mem:446.36M (Peak 761.05M) | Time:00:01.73 | Mem:375.56M, Peak:375.56M | Scene, ViewLayer | Updating Integrator
Fra:23 Mem:447.36M (Peak 761.05M) | Time:00:01.73 | Mem:376.56M, Peak:376.56M | Scene, ViewLayer | Updating Film
Fra:23 Mem:447.37M (Peak 761.05M) | Time:00:01.73 | Mem:376.56M, Peak:376.56M | Scene, ViewLayer | Updating Lookup Tables
Fra:23 Mem:447.37M (Peak 761.05M) | Time:00:01.73 | Mem:376.56M, Peak:376.56M | Scene, ViewLayer | Updating Baking
Fra:23 Mem:447.37M (Peak 761.05M) | Time:00:01.73 | Mem:376.56M, Peak:376.56M | Scene, ViewLayer | Updating Device | Writing constant memory
Fra:23 Mem:447.37M (Peak 761.05M) | Time:00:01.73 | Mem:376.56M, Peak:376.56M | Scene, ViewLayer | Loading denoising kernels (may take a few minutes the first time)
Fra:23 Mem:510.42M (Peak 761.05M) | Time:00:01.80 | Mem:376.56M, Peak:376.56M | Scene, ViewLayer | Sample 0/64
Fra:23 Mem:577.24M (Peak 761.05M) | Time:00:01.81 | Remaining:00:00.74 | Mem:376.56M, Peak:376.56M | Scene, ViewLayer | Sample 1/64
Fra:23 Mem:672.20M (Peak 761.05M) | Time:00:02.41 | Mem:443.36M, Peak:443.36M | Scene, ViewLayer | Sample 64/64
Fra:23 Mem:672.20M (Peak 761.05M) | Time:00:02.41 | Mem:443.36M, Peak:443.36M | Scene, ViewLayer | Finished
Append frame 23
 Time: 00:03.20 (Saving: 00:00.05)

Fra:24 Mem:66.70M (Peak 761.05M) | Time:00:00.56 | Mem:0.00M, Peak:0.00M | Scene, ViewLayer | Synchronizing object | Object_4
Fra:24 Mem:66.70M (Peak 761.05M) | Time:00:00.56 | Mem:0.00M, Peak:0.00M | Scene, ViewLayer | Synchronizing object | Object_22
Fra:24 Mem:66.80M (Peak 761.05M) | Time:00:00.56 | Mem:0.00M, Peak:0.00M | Scene, ViewLayer | Synchronizing object | tennis_old
Fra:24 Mem:72.92M (Peak 761.05M) | Time:00:00.59 | Mem:0.00M, Peak:0.00M | Scene, ViewLayer | Initializing
Fra:24 Mem:72.82M (Peak 761.05M) | Time:00:00.59 | Mem:0.00M, Peak:0.00M | Scene, ViewLayer | Updating Images | Loading Image_0
Fra:24 Mem:72.82M (Peak 761.05M) | Time:00:00.59 | Mem:0.00M, Peak:0.00M | Scene, ViewLayer | Updating Images | Loading Image_0.001
Fra:24 Mem:340.03M (Peak 761.05M) | Time:00:00.98 | Mem:272.00M, Peak:272.00M | Scene, ViewLayer | Waiting for render to start
Fra:24 Mem:340.04M (Peak 761.05M) | Time:00:00.98 | Mem:272.00M, Peak:272.00M | Scene, ViewLayer | Loading render kernels (may take a few minutes the first time)
Fra:24 Mem:340.04M (Peak 761.05M) | Time:00:01.32 | Mem:272.00M, Peak:272.00M | Scene, ViewLayer | Updating Scene
Fra:24 Mem:340.04M (Peak 761.05M) | Time:00:01.32 | Mem:272.00M, Peak:272.00M | Scene, ViewLayer | Updating Shaders
Fra:24 Mem:340.05M (Peak 761.05M) | Time:00:01.32 | Mem:272.01M, Peak:272.01M | Scene, ViewLayer | Updating Procedurals
Fra:24 Mem:340.05M (Peak 761.05M) | Time:00:01.32 | Mem:272.01M, Peak:272.01M | Scene, ViewLayer | Updating Background
Fra:24 Mem:340.05M (Peak 761.05M) | Time:00:01.32 | Mem:272.01M, Peak:272.01M | Scene, ViewLayer | Updating Camera
Fra:24 Mem:340.05M (Peak 761.05M) | Time:00:01.32 | Mem:272.01M, Peak:272.01M | Scene, ViewLayer | Updating Meshes Flags
Fra:24 Mem:340.05M (Peak 761.05M) | Time:00:01.32 | Mem:272.01M, Peak:272.01M | Scene, ViewLayer | Updating Objects
Fra:24 Mem:340.05M (Peak 761.05M) | Time:00:01.32 | Mem:272.01M, Peak:272.01M | Scene, ViewLayer | Updating Objects | Copying Transformations to device
Fra:24 Mem:340.05M (Peak 761.05M) | Time:00:01.32 | Mem:272.01M, Peak:272.01M | Scene, ViewLayer | Updating Objects | Applying Static Transformations
Fra:24 Mem:340.05M (Peak 761.05M) | Time:00:01.32 | Mem:272.01M, Peak:272.01M | Scene, ViewLayer | Updating Particle Systems
Fra:24 Mem:340.05M (Peak 761.05M) | Time:00:01.32 | Mem:272.01M, Peak:272.01M | Scene, ViewLayer | Updating Particle Systems | Copying Particles to device
Fra:24 Mem:340.05M (Peak 761.05M) | Time:00:01.32 | Mem:272.01M, Peak:272.01M | Scene, ViewLayer | Updating Meshes
Fra:24 Mem:340.95M (Peak 761.05M) | Time:00:01.32 | Mem:272.01M, Peak:272.01M | Scene, ViewLayer | Updating Mesh | Computing attributes
Fra:24 Mem:344.07M (Peak 761.05M) | Time:00:01.32 | Mem:272.02M, Peak:272.02M | Scene, ViewLayer | Updating Mesh | Copying Attributes to device
Fra:24 Mem:344.05M (Peak 761.05M) | Time:00:01.33 | Mem:275.11M, Peak:275.11M | Scene, ViewLayer | Updating Geometry BVH low poly_Material.001_0.001 2/2 | Building BVH
Fra:24 Mem:344.18M (Peak 761.05M) | Time:00:01.33 | Mem:275.11M, Peak:275.11M | Scene, ViewLayer | Updating Geometry BVH low poly_Material.001_0 1/2 | Building BVH
Fra:24 Mem:344.31M (Peak 761.05M) | Time:00:01.33 | Mem:275.11M, Peak:275.11M | Scene, ViewLayer | Updating Geometry BVH low poly_Material.001_0 1/2 | Packing BVH triangles and strands
Fra:24 Mem:344.31M (Peak 761.05M) | Time:00:01.33 | Mem:275.11M, Peak:275.11M | Scene, ViewLayer | Updating Geometry BVH low poly_Material.001_0 1/2 | Packing BVH nodes
Fra:24 Mem:344.24M (Peak 761.05M) | Time:00:01.33 | Mem:275.11M, Peak:275.11M | Scene, ViewLayer | Updating Geometry BVH low poly_Material.001_0 1/2 | Packing BVH triangles and strands
Fra:24 Mem:344.25M (Peak 761.05M) | Time:00:01.33 | Mem:275.11M, Peak:275.11M | Scene, ViewLayer | Updating Geometry BVH low poly_Material.001_0 1/2 | Packing BVH nodes
Fra:24 Mem:344.18M (Peak 761.05M) | Time:00:01.33 | Mem:275.11M, Peak:275.11M | Scene, ViewLayer | Updating Scene BVH | Building
Fra:24 Mem:344.18M (Peak 761.05M) | Time:00:01.33 | Mem:275.11M, Peak:275.11M | Scene, ViewLayer | Updating Scene BVH | Building BVH
Fra:24 Mem:347.30M (Peak 761.05M) | Time:00:01.36 | Mem:275.11M, Peak:275.11M | Scene, ViewLayer | Updating Scene BVH | Packing BVH triangles and strands
Fra:24 Mem:347.50M (Peak 761.05M) | Time:00:01.36 | Mem:275.11M, Peak:275.11M | Scene, ViewLayer | Updating Scene BVH | Packing BVH nodes
Fra:24 Mem:347.64M (Peak 761.05M) | Time:00:01.36 | Mem:275.11M, Peak:275.11M | Scene, ViewLayer | Updating Scene BVH | Copying BVH to device
Fra:24 Mem:347.64M (Peak 761.05M) | Time:00:01.37 | Mem:276.84M, Peak:276.84M | Scene, ViewLayer | Updating Mesh | Computing normals
Fra:24 Mem:350.32M (Peak 761.05M) | Time:00:01.37 | Mem:276.84M, Peak:276.84M | Scene, ViewLayer | Updating Mesh | Copying Mesh to device
Fra:24 Mem:350.32M (Peak 761.05M) | Time:00:01.37 | Mem:279.53M, Peak:279.53M | Scene, ViewLayer | Updating Objects Flags
Fra:24 Mem:350.32M (Peak 761.05M) | Time:00:01.37 | Mem:279.53M, Peak:279.53M | Scene, ViewLayer | Updating Primitive Offsets
Fra:24 Mem:350.32M (Peak 761.05M) | Time:00:01.37 | Mem:279.53M, Peak:279.53M | Scene, ViewLayer | Updating Images
Fra:24 Mem:350.32M (Peak 761.05M) | Time:00:01.37 | Mem:279.53M, Peak:279.53M | Scene, ViewLayer | Updating Images | Loading kloofendal_48d_partly_cloudy_puresky_2k.hdr
Fra:24 Mem:382.32M (Peak 761.05M) | Time:00:01.46 | Mem:311.53M, Peak:311.53M | Scene, ViewLayer | Updating Camera Volume
Fra:24 Mem:382.32M (Peak 761.05M) | Time:00:01.46 | Mem:311.53M, Peak:311.53M | Scene, ViewLayer | Updating Lookup Tables
Fra:24 Mem:382.32M (Peak 761.05M) | Time:00:01.46 | Mem:311.53M, Peak:311.53M | Scene, ViewLayer | Updating Lights
Fra:24 Mem:382.32M (Peak 761.05M) | Time:00:01.46 | Mem:311.53M, Peak:311.53M | Scene, ViewLayer | Updating Lights | Importance map
Fra:24 Mem:446.35M (Peak 761.05M) | Time:00:01.76 | Mem:375.56M, Peak:375.56M | Scene, ViewLayer | Updating Lights | Computing distribution
Fra:24 Mem:446.35M (Peak 761.05M) | Time:00:01.76 | Mem:375.56M, Peak:375.56M | Scene, ViewLayer | Updating Lights | Computing tree
Fra:24 Mem:446.35M (Peak 761.05M) | Time:00:01.76 | Mem:375.56M, Peak:375.56M | Scene, ViewLayer | Updating Integrator
Fra:24 Mem:447.35M (Peak 761.05M) | Time:00:01.76 | Mem:376.56M, Peak:376.56M | Scene, ViewLayer | Updating Film
Fra:24 Mem:447.36M (Peak 761.05M) | Time:00:01.76 | Mem:376.56M, Peak:376.56M | Scene, ViewLayer | Updating Lookup Tables
Fra:24 Mem:447.36M (Peak 761.05M) | Time:00:01.76 | Mem:376.56M, Peak:376.56M | Scene, ViewLayer | Updating Baking
Fra:24 Mem:447.36M (Peak 761.05M) | Time:00:01.76 | Mem:376.56M, Peak:376.56M | Scene, ViewLayer | Updating Device | Writing constant memory
Fra:24 Mem:447.36M (Peak 761.05M) | Time:00:01.76 | Mem:376.56M, Peak:376.56M | Scene, ViewLayer | Loading denoising kernels (may take a few minutes the first time)
Fra:24 Mem:510.41M (Peak 761.05M) | Time:00:01.83 | Mem:376.56M, Peak:376.56M | Scene, ViewLayer | Sample 0/64
Fra:24 Mem:577.23M (Peak 761.05M) | Time:00:01.84 | Remaining:00:00.76 | Mem:376.56M, Peak:376.56M | Scene, ViewLayer | Sample 1/64
Fra:24 Mem:672.19M (Peak 761.05M) | Time:00:02.43 | Mem:443.36M, Peak:443.36M | Scene, ViewLayer | Sample 64/64
Fra:24 Mem:672.19M (Peak 761.05M) | Time:00:02.43 | Mem:443.36M, Peak:443.36M | Scene, ViewLayer | Finished
Append frame 24
 Time: 00:03.21 (Saving: 00:00.05)

Fra:25 Mem:66.70M (Peak 761.05M) | Time:00:00.53 | Mem:0.00M, Peak:0.00M | Scene, ViewLayer | Synchronizing object | Object_6
Fra:25 Mem:66.71M (Peak 761.05M) | Time:00:00.53 | Mem:0.00M, Peak:0.00M | Scene, ViewLayer | Synchronizing object | Object_32
Fra:25 Mem:66.80M (Peak 761.05M) | Time:00:00.53 | Mem:0.00M, Peak:0.00M | Scene, ViewLayer | Synchronizing object | tennis_old
Fra:25 Mem:72.92M (Peak 761.05M) | Time:00:00.56 | Mem:0.00M, Peak:0.00M | Scene, ViewLayer | Initializing
Fra:25 Mem:72.82M (Peak 761.05M) | Time:00:00.56 | Mem:0.00M, Peak:0.00M | Scene, ViewLayer | Updating Images | Loading Image_0
Fra:25 Mem:72.82M (Peak 761.05M) | Time:00:00.56 | Mem:0.00M, Peak:0.00M | Scene, ViewLayer | Updating Images | Loading Image_16
Fra:25 Mem:340.04M (Peak 761.05M) | Time:00:00.93 | Mem:272.00M, Peak:272.00M | Scene, ViewLayer | Waiting for render to start
Fra:25 Mem:340.04M (Peak 761.05M) | Time:00:00.93 | Mem:272.00M, Peak:272.00M | Scene, ViewLayer | Loading render kernels (may take a few minutes the first time)
Fra:25 Mem:340.04M (Peak 761.05M) | Time:00:01.29 | Mem:272.00M, Peak:272.00M | Scene, ViewLayer | Updating Scene
Fra:25 Mem:340.04M (Peak 761.05M) | Time:00:01.29 | Mem:272.00M, Peak:272.00M | Scene, ViewLayer | Updating Shaders
Fra:25 Mem:340.05M (Peak 761.05M) | Time:00:01.29 | Mem:272.01M, Peak:272.01M | Scene, ViewLayer | Updating Procedurals
Fra:25 Mem:340.05M (Peak 761.05M) | Time:00:01.29 | Mem:272.01M, Peak:272.01M | Scene, ViewLayer | Updating Background
Fra:25 Mem:340.05M (Peak 761.05M) | Time:00:01.29 | Mem:272.01M, Peak:272.01M | Scene, ViewLayer | Updating Camera
Fra:25 Mem:340.05M (Peak 761.05M) | Time:00:01.29 | Mem:272.01M, Peak:272.01M | Scene, ViewLayer | Updating Meshes Flags
Fra:25 Mem:340.05M (Peak 761.05M) | Time:00:01.29 | Mem:272.01M, Peak:272.01M | Scene, ViewLayer | Updating Objects
Fra:25 Mem:340.05M (Peak 761.05M) | Time:00:01.29 | Mem:272.01M, Peak:272.01M | Scene, ViewLayer | Updating Objects | Copying Transformations to device
Fra:25 Mem:340.06M (Peak 761.05M) | Time:00:01.29 | Mem:272.01M, Peak:272.01M | Scene, ViewLayer | Updating Objects | Applying Static Transformations
Fra:25 Mem:340.06M (Peak 761.05M) | Time:00:01.29 | Mem:272.01M, Peak:272.01M | Scene, ViewLayer | Updating Particle Systems
Fra:25 Mem:340.06M (Peak 761.05M) | Time:00:01.29 | Mem:272.01M, Peak:272.01M | Scene, ViewLayer | Updating Particle Systems | Copying Particles to device
Fra:25 Mem:340.06M (Peak 761.05M) | Time:00:01.29 | Mem:272.01M, Peak:272.01M | Scene, ViewLayer | Updating Meshes
Fra:25 Mem:340.96M (Peak 761.05M) | Time:00:01.29 | Mem:272.01M, Peak:272.01M | Scene, ViewLayer | Updating Mesh | Computing attributes
Fra:25 Mem:344.07M (Peak 761.05M) | Time:00:01.29 | Mem:272.02M, Peak:272.02M | Scene, ViewLayer | Updating Mesh | Copying Attributes to device
Fra:25 Mem:344.06M (Peak 761.05M) | Time:00:01.29 | Mem:275.11M, Peak:275.11M | Scene, ViewLayer | Updating Geometry BVH low poly_Material.001_0.001 2/2 | Building BVH
Fra:25 Mem:344.18M (Peak 761.05M) | Time:00:01.29 | Mem:275.11M, Peak:275.11M | Scene, ViewLayer | Updating Geometry BVH low poly_Material.001_0 1/2 | Building BVH
Fra:25 Mem:344.31M (Peak 761.05M) | Time:00:01.30 | Mem:275.11M, Peak:275.11M | Scene, ViewLayer | Updating Geometry BVH low poly_Material.001_0 1/2 | Packing BVH triangles and strands
Fra:25 Mem:344.32M (Peak 761.05M) | Time:00:01.30 | Mem:275.11M, Peak:275.11M | Scene, ViewLayer | Updating Geometry BVH low poly_Material.001_0 1/2 | Packing BVH nodes
Fra:25 Mem:344.25M (Peak 761.05M) | Time:00:01.30 | Mem:275.11M, Peak:275.11M | Scene, ViewLayer | Updating Geometry BVH low poly_Material.001_0 1/2 | Packing BVH triangles and strands
Fra:25 Mem:344.26M (Peak 761.05M) | Time:00:01.30 | Mem:275.11M, Peak:275.11M | Scene, ViewLayer | Updating Geometry BVH low poly_Material.001_0 1/2 | Packing BVH nodes
Fra:25 Mem:344.18M (Peak 761.05M) | Time:00:01.30 | Mem:275.11M, Peak:275.11M | Scene, ViewLayer | Updating Scene BVH | Building
Fra:25 Mem:344.19M (Peak 761.05M) | Time:00:01.30 | Mem:275.11M, Peak:275.11M | Scene, ViewLayer | Updating Scene BVH | Building BVH
Fra:25 Mem:347.30M (Peak 761.05M) | Time:00:01.32 | Mem:275.11M, Peak:275.11M | Scene, ViewLayer | Updating Scene BVH | Packing BVH triangles and strands
Fra:25 Mem:347.51M (Peak 761.05M) | Time:00:01.32 | Mem:275.11M, Peak:275.11M | Scene, ViewLayer | Updating Scene BVH | Packing BVH nodes
Fra:25 Mem:347.65M (Peak 761.05M) | Time:00:01.33 | Mem:275.11M, Peak:275.11M | Scene, ViewLayer | Updating Scene BVH | Copying BVH to device
Fra:25 Mem:347.65M (Peak 761.05M) | Time:00:01.34 | Mem:276.84M, Peak:276.84M | Scene, ViewLayer | Updating Mesh | Computing normals
Fra:25 Mem:350.33M (Peak 761.05M) | Time:00:01.34 | Mem:276.84M, Peak:276.84M | Scene, ViewLayer | Updating Mesh | Copying Mesh to device
Fra:25 Mem:350.33M (Peak 761.05M) | Time:00:01.35 | Mem:279.53M, Peak:279.53M | Scene, ViewLayer | Updating Objects Flags
Fra:25 Mem:350.33M (Peak 761.05M) | Time:00:01.35 | Mem:279.53M, Peak:279.53M | Scene, ViewLayer | Updating Primitive Offsets
Fra:25 Mem:350.33M (Peak 761.05M) | Time:00:01.35 | Mem:279.53M, Peak:279.53M | Scene, ViewLayer | Updating Images
Fra:25 Mem:350.33M (Peak 761.05M) | Time:00:01.35 | Mem:279.53M, Peak:279.53M | Scene, ViewLayer | Updating Images | Loading kloofendal_48d_partly_cloudy_puresky_2k.hdr
Fra:25 Mem:382.33M (Peak 761.05M) | Time:00:01.43 | Mem:311.53M, Peak:311.53M | Scene, ViewLayer | Updating Camera Volume
Fra:25 Mem:382.33M (Peak 761.05M) | Time:00:01.43 | Mem:311.53M, Peak:311.53M | Scene, ViewLayer | Updating Lookup Tables
Fra:25 Mem:382.33M (Peak 761.05M) | Time:00:01.43 | Mem:311.53M, Peak:311.53M | Scene, ViewLayer | Updating Lights
Fra:25 Mem:382.33M (Peak 761.05M) | Time:00:01.43 | Mem:311.53M, Peak:311.53M | Scene, ViewLayer | Updating Lights | Importance map
Fra:25 Mem:446.36M (Peak 761.05M) | Time:00:01.73 | Mem:375.56M, Peak:375.56M | Scene, ViewLayer | Updating Lights | Computing distribution
Fra:25 Mem:446.36M (Peak 761.05M) | Time:00:01.73 | Mem:375.56M, Peak:375.56M | Scene, ViewLayer | Updating Lights | Computing tree
Fra:25 Mem:446.36M (Peak 761.05M) | Time:00:01.73 | Mem:375.56M, Peak:375.56M | Scene, ViewLayer | Updating Integrator
Fra:25 Mem:447.36M (Peak 761.05M) | Time:00:01.73 | Mem:376.56M, Peak:376.56M | Scene, ViewLayer | Updating Film
Fra:25 Mem:447.36M (Peak 761.05M) | Time:00:01.73 | Mem:376.56M, Peak:376.56M | Scene, ViewLayer | Updating Lookup Tables
Fra:25 Mem:447.36M (Peak 761.05M) | Time:00:01.73 | Mem:376.56M, Peak:376.56M | Scene, ViewLayer | Updating Baking
Fra:25 Mem:447.36M (Peak 761.05M) | Time:00:01.73 | Mem:376.56M, Peak:376.56M | Scene, ViewLayer | Updating Device | Writing constant memory
Fra:25 Mem:447.36M (Peak 761.05M) | Time:00:01.73 | Mem:376.56M, Peak:376.56M | Scene, ViewLayer | Loading denoising kernels (may take a few minutes the first time)
Fra:25 Mem:510.42M (Peak 761.05M) | Time:00:01.81 | Mem:376.56M, Peak:376.56M | Scene, ViewLayer | Sample 0/64
Fra:25 Mem:577.23M (Peak 761.05M) | Time:00:01.83 | Remaining:00:00.76 | Mem:376.56M, Peak:376.56M | Scene, ViewLayer | Sample 1/64
Fra:25 Mem:672.19M (Peak 761.05M) | Time:00:02.42 | Mem:443.36M, Peak:443.36M | Scene, ViewLayer | Sample 64/64
Fra:25 Mem:672.19M (Peak 761.05M) | Time:00:02.42 | Mem:443.36M, Peak:443.36M | Scene, ViewLayer | Finished
Append frame 25
 Time: 00:03.19 (Saving: 00:00.04)

Fra:26 Mem:66.70M (Peak 761.05M) | Time:00:00.56 | Mem:0.00M, Peak:0.00M | Scene, ViewLayer | Synchronizing object | Object_4
Fra:26 Mem:66.71M (Peak 761.05M) | Time:00:00.56 | Mem:0.00M, Peak:0.00M | Scene, ViewLayer | Synchronizing object | Object_18
Fra:26 Mem:66.82M (Peak 761.05M) | Time:00:00.56 | Mem:0.00M, Peak:0.00M | Scene, ViewLayer | Synchronizing object | tennis_new
Fra:26 Mem:66.86M (Peak 761.05M) | Time:00:00.56 | Mem:0.00M, Peak:0.00M | Scene, ViewLayer | Synchronizing object | tennis_old
Fra:26 Mem:72.92M (Peak 761.05M) | Time:00:00.58 | Mem:0.00M, Peak:0.00M | Scene, ViewLayer | Initializing
Fra:26 Mem:72.82M (Peak 761.05M) | Time:00:00.58 | Mem:0.00M, Peak:0.00M | Scene, ViewLayer | Updating Images | Loading Image_0
Fra:26 Mem:72.82M (Peak 761.05M) | Time:00:00.58 | Mem:0.00M, Peak:0.00M | Scene, ViewLayer | Updating Images | Loading Image_11
Fra:26 Mem:88.82M (Peak 761.05M) | Time:00:00.58 | Mem:0.00M, Peak:0.00M | Scene, ViewLayer | Updating Images | Loading Image_17
Fra:26 Mem:340.05M (Peak 761.05M) | Time:00:01.02 | Mem:272.00M, Peak:272.00M | Scene, ViewLayer | Waiting for render to start
Fra:26 Mem:340.05M (Peak 761.05M) | Time:00:01.02 | Mem:272.00M, Peak:272.00M | Scene, ViewLayer | Loading render kernels (may take a few minutes the first time)
Fra:26 Mem:340.05M (Peak 761.05M) | Time:00:01.37 | Mem:272.00M, Peak:272.00M | Scene, ViewLayer | Updating Scene
Fra:26 Mem:340.05M (Peak 761.05M) | Time:00:01.37 | Mem:272.00M, Peak:272.00M | Scene, ViewLayer | Updating Shaders
Fra:26 Mem:340.06M (Peak 761.05M) | Time:00:01.37 | Mem:272.01M, Peak:272.01M | Scene, ViewLayer | Updating Procedurals
Fra:26 Mem:340.06M (Peak 761.05M) | Time:00:01.37 | Mem:272.01M, Peak:272.01M | Scene, ViewLayer | Updating Background
Fra:26 Mem:340.06M (Peak 761.05M) | Time:00:01.37 | Mem:272.01M, Peak:272.01M | Scene, ViewLayer | Updating Camera
Fra:26 Mem:340.06M (Peak 761.05M) | Time:00:01.37 | Mem:272.01M, Peak:272.01M | Scene, ViewLayer | Updating Meshes Flags
Fra:26 Mem:340.06M (Peak 761.05M) | Time:00:01.37 | Mem:272.01M, Peak:272.01M | Scene, ViewLayer | Updating Objects
Fra:26 Mem:340.06M (Peak 761.05M) | Time:00:01.37 | Mem:272.01M, Peak:272.01M | Scene, ViewLayer | Updating Objects | Copying Transformations to device
Fra:26 Mem:340.06M (Peak 761.05M) | Time:00:01.37 | Mem:272.01M, Peak:272.01M | Scene, ViewLayer | Updating Objects | Applying Static Transformations
Fra:26 Mem:340.06M (Peak 761.05M) | Time:00:01.37 | Mem:272.01M, Peak:272.01M | Scene, ViewLayer | Updating Particle Systems
Fra:26 Mem:340.06M (Peak 761.05M) | Time:00:01.37 | Mem:272.01M, Peak:272.01M | Scene, ViewLayer | Updating Particle Systems | Copying Particles to device
Fra:26 Mem:340.06M (Peak 761.05M) | Time:00:01.37 | Mem:272.01M, Peak:272.01M | Scene, ViewLayer | Updating Meshes
Fra:26 Mem:340.96M (Peak 761.05M) | Time:00:01.38 | Mem:272.01M, Peak:272.01M | Scene, ViewLayer | Updating Mesh | Computing attributes
Fra:26 Mem:344.08M (Peak 761.05M) | Time:00:01.38 | Mem:272.02M, Peak:272.02M | Scene, ViewLayer | Updating Mesh | Copying Attributes to device
Fra:26 Mem:344.06M (Peak 761.05M) | Time:00:01.38 | Mem:275.11M, Peak:275.11M | Scene, ViewLayer | Updating Geometry BVH low poly_Material.001_0.001 2/2 | Building BVH
Fra:26 Mem:344.19M (Peak 761.05M) | Time:00:01.38 | Mem:275.11M, Peak:275.11M | Scene, ViewLayer | Updating Geometry BVH low poly_Material.001_0 1/2 | Building BVH
Fra:26 Mem:344.32M (Peak 761.05M) | Time:00:01.38 | Mem:275.11M, Peak:275.11M | Scene, ViewLayer | Updating Geometry BVH low poly_Material.001_0 1/2 | Packing BVH triangles and strands
Fra:26 Mem:344.33M (Peak 761.05M) | Time:00:01.38 | Mem:275.11M, Peak:275.11M | Scene, ViewLayer | Updating Geometry BVH low poly_Material.001_0 1/2 | Packing BVH nodes
Fra:26 Mem:344.26M (Peak 761.05M) | Time:00:01.39 | Mem:275.11M, Peak:275.11M | Scene, ViewLayer | Updating Geometry BVH low poly_Material.001_0 1/2 | Packing BVH triangles and strands
Fra:26 Mem:344.26M (Peak 761.05M) | Time:00:01.39 | Mem:275.11M, Peak:275.11M | Scene, ViewLayer | Updating Geometry BVH low poly_Material.001_0 1/2 | Packing BVH nodes
Fra:26 Mem:344.19M (Peak 761.05M) | Time:00:01.39 | Mem:275.11M, Peak:275.11M | Scene, ViewLayer | Updating Scene BVH | Building
Fra:26 Mem:344.19M (Peak 761.05M) | Time:00:01.39 | Mem:275.11M, Peak:275.11M | Scene, ViewLayer | Updating Scene BVH | Building BVH
Fra:26 Mem:347.31M (Peak 761.05M) | Time:00:01.41 | Mem:275.11M, Peak:275.11M | Scene, ViewLayer | Updating Scene BVH | Packing BVH triangles and strands
Fra:26 Mem:347.52M (Peak 761.05M) | Time:00:01.41 | Mem:275.11M, Peak:275.11M | Scene, ViewLayer | Updating Scene BVH | Packing BVH nodes
Fra:26 Mem:347.65M (Peak 761.05M) | Time:00:01.42 | Mem:275.11M, Peak:275.11M | Scene, ViewLayer | Updating Scene BVH | Copying BVH to device
Fra:26 Mem:347.65M (Peak 761.05M) | Time:00:01.42 | Mem:276.84M, Peak:276.84M | Scene, ViewLayer | Updating Mesh | Computing normals
Fra:26 Mem:350.33M (Peak 761.05M) | Time:00:01.43 | Mem:276.84M, Peak:276.84M | Scene, ViewLayer | Updating Mesh | Copying Mesh to device
Fra:26 Mem:350.33M (Peak 761.05M) | Time:00:01.43 | Mem:279.53M, Peak:279.53M | Scene, ViewLayer | Updating Objects Flags
Fra:26 Mem:350.33M (Peak 761.05M) | Time:00:01.43 | Mem:279.53M, Peak:279.53M | Scene, ViewLayer | Updating Primitive Offsets
Fra:26 Mem:350.33M (Peak 761.05M) | Time:00:01.43 | Mem:279.53M, Peak:279.53M | Scene, ViewLayer | Updating Images
Fra:26 Mem:350.33M (Peak 761.05M) | Time:00:01.43 | Mem:279.53M, Peak:279.53M | Scene, ViewLayer | Updating Images | Loading kloofendal_48d_partly_cloudy_puresky_2k.hdr
Fra:26 Mem:382.33M (Peak 761.05M) | Time:00:01.52 | Mem:311.53M, Peak:311.53M | Scene, ViewLayer | Updating Camera Volume
Fra:26 Mem:382.33M (Peak 761.05M) | Time:00:01.52 | Mem:311.53M, Peak:311.53M | Scene, ViewLayer | Updating Lookup Tables
Fra:26 Mem:382.33M (Peak 761.05M) | Time:00:01.52 | Mem:311.53M, Peak:311.53M | Scene, ViewLayer | Updating Lights
Fra:26 Mem:382.33M (Peak 761.05M) | Time:00:01.53 | Mem:311.53M, Peak:311.53M | Scene, ViewLayer | Updating Lights | Importance map
Fra:26 Mem:446.37M (Peak 761.05M) | Time:00:01.84 | Mem:375.56M, Peak:375.56M | Scene, ViewLayer | Updating Lights | Computing distribution
Fra:26 Mem:446.37M (Peak 761.05M) | Time:00:01.84 | Mem:375.56M, Peak:375.56M | Scene, ViewLayer | Updating Lights | Computing tree
Fra:26 Mem:446.37M (Peak 761.05M) | Time:00:01.85 | Mem:375.56M, Peak:375.56M | Scene, ViewLayer | Updating Integrator
Fra:26 Mem:447.37M (Peak 761.05M) | Time:00:01.85 | Mem:376.56M, Peak:376.56M | Scene, ViewLayer | Updating Film
Fra:26 Mem:447.37M (Peak 761.05M) | Time:00:01.85 | Mem:376.56M, Peak:376.56M | Scene, ViewLayer | Updating Lookup Tables
Fra:26 Mem:447.37M (Peak 761.05M) | Time:00:01.85 | Mem:376.56M, Peak:376.56M | Scene, ViewLayer | Updating Baking
Fra:26 Mem:447.37M (Peak 761.05M) | Time:00:01.85 | Mem:376.56M, Peak:376.56M | Scene, ViewLayer | Updating Device | Writing constant memory
Fra:26 Mem:447.37M (Peak 761.05M) | Time:00:01.85 | Mem:376.56M, Peak:376.56M | Scene, ViewLayer | Loading denoising kernels (may take a few minutes the first time)
Fra:26 Mem:510.42M (Peak 761.05M) | Time:00:01.92 | Mem:376.56M, Peak:376.56M | Scene, ViewLayer | Sample 0/64
Fra:26 Mem:577.24M (Peak 761.05M) | Time:00:01.93 | Remaining:00:00.76 | Mem:376.56M, Peak:376.56M | Scene, ViewLayer | Sample 1/64
Fra:26 Mem:672.20M (Peak 761.05M) | Time:00:02.51 | Mem:443.36M, Peak:443.36M | Scene, ViewLayer | Sample 64/64
Fra:26 Mem:672.20M (Peak 761.05M) | Time:00:02.51 | Mem:443.36M, Peak:443.36M | Scene, ViewLayer | Finished
Append frame 26
 Time: 00:03.28 (Saving: 00:00.05)

Fra:27 Mem:66.70M (Peak 761.05M) | Time:00:00.56 | Mem:0.00M, Peak:0.00M | Scene, ViewLayer | Synchronizing object | Object_4
Fra:27 Mem:66.71M (Peak 761.05M) | Time:00:00.56 | Mem:0.00M, Peak:0.00M | Scene, ViewLayer | Synchronizing object | Object_34
Fra:27 Mem:66.80M (Peak 761.05M) | Time:00:00.56 | Mem:0.00M, Peak:0.00M | Scene, ViewLayer | Synchronizing object | tennis_old
Fra:27 Mem:72.92M (Peak 761.05M) | Time:00:00.58 | Mem:0.00M, Peak:0.00M | Scene, ViewLayer | Initializing
Fra:27 Mem:72.82M (Peak 761.05M) | Time:00:00.58 | Mem:0.00M, Peak:0.00M | Scene, ViewLayer | Updating Images | Loading Image_0.002
Fra:27 Mem:72.82M (Peak 761.05M) | Time:00:00.58 | Mem:0.00M, Peak:0.00M | Scene, ViewLayer | Updating Images | Loading Image_8
Fra:27 Mem:76.82M (Peak 761.05M) | Time:00:00.58 | Mem:0.00M, Peak:0.00M | Scene, ViewLayer | Updating Images | Loading Image_0.001
Fra:27 Mem:340.05M (Peak 761.06M) | Time:00:01.01 | Mem:272.00M, Peak:272.00M | Scene, ViewLayer | Waiting for render to start
Fra:27 Mem:340.05M (Peak 761.06M) | Time:00:01.01 | Mem:272.00M, Peak:272.00M | Scene, ViewLayer | Loading render kernels (may take a few minutes the first time)
Fra:27 Mem:340.05M (Peak 761.06M) | Time:00:01.36 | Mem:272.00M, Peak:272.00M | Scene, ViewLayer | Updating Scene
Fra:27 Mem:340.05M (Peak 761.06M) | Time:00:01.36 | Mem:272.00M, Peak:272.00M | Scene, ViewLayer | Updating Shaders
Fra:27 Mem:340.06M (Peak 761.06M) | Time:00:01.36 | Mem:272.01M, Peak:272.01M | Scene, ViewLayer | Updating Procedurals
Fra:27 Mem:340.06M (Peak 761.06M) | Time:00:01.36 | Mem:272.01M, Peak:272.01M | Scene, ViewLayer | Updating Background
Fra:27 Mem:340.06M (Peak 761.06M) | Time:00:01.36 | Mem:272.01M, Peak:272.01M | Scene, ViewLayer | Updating Camera
Fra:27 Mem:340.06M (Peak 761.06M) | Time:00:01.36 | Mem:272.01M, Peak:272.01M | Scene, ViewLayer | Updating Meshes Flags
Fra:27 Mem:340.06M (Peak 761.06M) | Time:00:01.36 | Mem:272.01M, Peak:272.01M | Scene, ViewLayer | Updating Objects
Fra:27 Mem:340.06M (Peak 761.06M) | Time:00:01.36 | Mem:272.01M, Peak:272.01M | Scene, ViewLayer | Updating Objects | Copying Transformations to device
Fra:27 Mem:340.06M (Peak 761.06M) | Time:00:01.36 | Mem:272.01M, Peak:272.01M | Scene, ViewLayer | Updating Objects | Applying Static Transformations
Fra:27 Mem:340.06M (Peak 761.06M) | Time:00:01.36 | Mem:272.01M, Peak:272.01M | Scene, ViewLayer | Updating Particle Systems
Fra:27 Mem:340.06M (Peak 761.06M) | Time:00:01.37 | Mem:272.01M, Peak:272.01M | Scene, ViewLayer | Updating Particle Systems | Copying Particles to device
Fra:27 Mem:340.06M (Peak 761.06M) | Time:00:01.37 | Mem:272.01M, Peak:272.01M | Scene, ViewLayer | Updating Meshes
Fra:27 Mem:340.96M (Peak 761.06M) | Time:00:01.37 | Mem:272.01M, Peak:272.01M | Scene, ViewLayer | Updating Mesh | Computing attributes
Fra:27 Mem:344.08M (Peak 761.06M) | Time:00:01.37 | Mem:272.02M, Peak:272.02M | Scene, ViewLayer | Updating Mesh | Copying Attributes to device
Fra:27 Mem:344.06M (Peak 761.06M) | Time:00:01.37 | Mem:275.11M, Peak:275.11M | Scene, ViewLayer | Updating Geometry BVH low poly_Material.001_0.001 2/2 | Building BVH
Fra:27 Mem:344.18M (Peak 761.06M) | Time:00:01.37 | Mem:275.11M, Peak:275.11M | Scene, ViewLayer | Updating Geometry BVH low poly_Material.001_0 1/2 | Building BVH
Fra:27 Mem:344.32M (Peak 761.06M) | Time:00:01.37 | Mem:275.11M, Peak:275.11M | Scene, ViewLayer | Updating Geometry BVH low poly_Material.001_0 1/2 | Packing BVH triangles and strands
Fra:27 Mem:344.33M (Peak 761.06M) | Time:00:01.37 | Mem:275.11M, Peak:275.11M | Scene, ViewLayer | Updating Geometry BVH low poly_Material.001_0 1/2 | Packing BVH nodes
Fra:27 Mem:344.26M (Peak 761.06M) | Time:00:01.38 | Mem:275.11M, Peak:275.11M | Scene, ViewLayer | Updating Geometry BVH low poly_Material.001_0 1/2 | Packing BVH triangles and strands
Fra:27 Mem:344.26M (Peak 761.06M) | Time:00:01.38 | Mem:275.11M, Peak:275.11M | Scene, ViewLayer | Updating Geometry BVH low poly_Material.001_0 1/2 | Packing BVH nodes
Fra:27 Mem:344.19M (Peak 761.06M) | Time:00:01.38 | Mem:275.11M, Peak:275.11M | Scene, ViewLayer | Updating Scene BVH | Building
Fra:27 Mem:344.19M (Peak 761.06M) | Time:00:01.38 | Mem:275.11M, Peak:275.11M | Scene, ViewLayer | Updating Scene BVH | Building BVH
Fra:27 Mem:347.31M (Peak 761.06M) | Time:00:01.40 | Mem:275.11M, Peak:275.11M | Scene, ViewLayer | Updating Scene BVH | Packing BVH triangles and strands
Fra:27 Mem:347.52M (Peak 761.06M) | Time:00:01.40 | Mem:275.11M, Peak:275.11M | Scene, ViewLayer | Updating Scene BVH | Packing BVH nodes
Fra:27 Mem:347.65M (Peak 761.06M) | Time:00:01.40 | Mem:275.11M, Peak:275.11M | Scene, ViewLayer | Updating Scene BVH | Copying BVH to device
Fra:27 Mem:347.65M (Peak 761.06M) | Time:00:01.41 | Mem:276.84M, Peak:276.84M | Scene, ViewLayer | Updating Mesh | Computing normals
Fra:27 Mem:350.33M (Peak 761.06M) | Time:00:01.41 | Mem:276.84M, Peak:276.84M | Scene, ViewLayer | Updating Mesh | Copying Mesh to device
Fra:27 Mem:350.33M (Peak 761.06M) | Time:00:01.41 | Mem:279.53M, Peak:279.53M | Scene, ViewLayer | Updating Objects Flags
Fra:27 Mem:350.33M (Peak 761.06M) | Time:00:01.41 | Mem:279.53M, Peak:279.53M | Scene, ViewLayer | Updating Primitive Offsets
Fra:27 Mem:350.33M (Peak 761.06M) | Time:00:01.41 | Mem:279.53M, Peak:279.53M | Scene, ViewLayer | Updating Images
Fra:27 Mem:350.33M (Peak 761.06M) | Time:00:01.41 | Mem:279.53M, Peak:279.53M | Scene, ViewLayer | Updating Images | Loading kloofendal_48d_partly_cloudy_puresky_2k.hdr
Fra:27 Mem:382.33M (Peak 761.06M) | Time:00:01.50 | Mem:311.53M, Peak:311.53M | Scene, ViewLayer | Updating Camera Volume
Fra:27 Mem:382.33M (Peak 761.06M) | Time:00:01.50 | Mem:311.53M, Peak:311.53M | Scene, ViewLayer | Updating Lookup Tables
Fra:27 Mem:382.33M (Peak 761.06M) | Time:00:01.50 | Mem:311.53M, Peak:311.53M | Scene, ViewLayer | Updating Lights
Fra:27 Mem:382.33M (Peak 761.06M) | Time:00:01.50 | Mem:311.53M, Peak:311.53M | Scene, ViewLayer | Updating Lights | Importance map
Fra:27 Mem:446.37M (Peak 761.06M) | Time:00:01.79 | Mem:375.56M, Peak:375.56M | Scene, ViewLayer | Updating Lights | Computing distribution
Fra:27 Mem:446.37M (Peak 761.06M) | Time:00:01.79 | Mem:375.56M, Peak:375.56M | Scene, ViewLayer | Updating Lights | Computing tree
Fra:27 Mem:446.37M (Peak 761.06M) | Time:00:01.79 | Mem:375.56M, Peak:375.56M | Scene, ViewLayer | Updating Integrator
Fra:27 Mem:447.37M (Peak 761.06M) | Time:00:01.80 | Mem:376.56M, Peak:376.56M | Scene, ViewLayer | Updating Film
Fra:27 Mem:447.37M (Peak 761.06M) | Time:00:01.80 | Mem:376.56M, Peak:376.56M | Scene, ViewLayer | Updating Lookup Tables
Fra:27 Mem:447.37M (Peak 761.06M) | Time:00:01.80 | Mem:376.56M, Peak:376.56M | Scene, ViewLayer | Updating Baking
Fra:27 Mem:447.37M (Peak 761.06M) | Time:00:01.80 | Mem:376.56M, Peak:376.56M | Scene, ViewLayer | Updating Device | Writing constant memory
Fra:27 Mem:447.37M (Peak 761.06M) | Time:00:01.80 | Mem:376.56M, Peak:376.56M | Scene, ViewLayer | Loading denoising kernels (may take a few minutes the first time)
Fra:27 Mem:510.43M (Peak 761.06M) | Time:00:01.87 | Mem:376.56M, Peak:376.56M | Scene, ViewLayer | Sample 0/64
Fra:27 Mem:577.24M (Peak 761.06M) | Time:00:01.88 | Remaining:00:00.74 | Mem:376.56M, Peak:376.56M | Scene, ViewLayer | Sample 1/64
Fra:27 Mem:672.20M (Peak 761.06M) | Time:00:02.47 | Mem:443.36M, Peak:443.36M | Scene, ViewLayer | Sample 64/64
Fra:27 Mem:672.20M (Peak 761.06M) | Time:00:02.47 | Mem:443.36M, Peak:443.36M | Scene, ViewLayer | Finished
Append frame 27
 Time: 00:03.21 (Saving: 00:00.05)

Fra:28 Mem:66.70M (Peak 761.06M) | Time:00:00.52 | Mem:0.00M, Peak:0.00M | Scene, ViewLayer | Synchronizing object | Object_4
Fra:28 Mem:66.80M (Peak 761.06M) | Time:00:00.53 | Mem:0.00M, Peak:0.00M | Scene, ViewLayer | Synchronizing object | Object_24
Fra:28 Mem:66.82M (Peak 761.06M) | Time:00:00.53 | Mem:0.00M, Peak:0.00M | Scene, ViewLayer | Synchronizing object | tennis_new
Fra:28 Mem:72.92M (Peak 761.06M) | Time:00:00.55 | Mem:0.00M, Peak:0.00M | Scene, ViewLayer | Initializing
Fra:28 Mem:72.82M (Peak 761.06M) | Time:00:00.55 | Mem:0.00M, Peak:0.00M | Scene, ViewLayer | Updating Images | Loading Image_0
Fra:28 Mem:72.82M (Peak 761.06M) | Time:00:00.55 | Mem:0.00M, Peak:0.00M | Scene, ViewLayer | Updating Images | Loading Image_0.001
Fra:28 Mem:340.05M (Peak 761.06M) | Time:00:00.95 | Mem:272.00M, Peak:272.00M | Scene, ViewLayer | Waiting for render to start
Fra:28 Mem:340.05M (Peak 761.06M) | Time:00:00.95 | Mem:272.00M, Peak:272.00M | Scene, ViewLayer | Loading render kernels (may take a few minutes the first time)
Fra:28 Mem:340.05M (Peak 761.06M) | Time:00:01.30 | Mem:272.00M, Peak:272.00M | Scene, ViewLayer | Updating Scene
Fra:28 Mem:340.05M (Peak 761.06M) | Time:00:01.30 | Mem:272.00M, Peak:272.00M | Scene, ViewLayer | Updating Shaders
Fra:28 Mem:340.06M (Peak 761.06M) | Time:00:01.30 | Mem:272.01M, Peak:272.01M | Scene, ViewLayer | Updating Procedurals
Fra:28 Mem:340.06M (Peak 761.06M) | Time:00:01.30 | Mem:272.01M, Peak:272.01M | Scene, ViewLayer | Updating Background
Fra:28 Mem:340.06M (Peak 761.06M) | Time:00:01.30 | Mem:272.01M, Peak:272.01M | Scene, ViewLayer | Updating Camera
Fra:28 Mem:340.06M (Peak 761.06M) | Time:00:01.30 | Mem:272.01M, Peak:272.01M | Scene, ViewLayer | Updating Meshes Flags
Fra:28 Mem:340.06M (Peak 761.06M) | Time:00:01.30 | Mem:272.01M, Peak:272.01M | Scene, ViewLayer | Updating Objects
Fra:28 Mem:340.06M (Peak 761.06M) | Time:00:01.30 | Mem:272.01M, Peak:272.01M | Scene, ViewLayer | Updating Objects | Copying Transformations to device
Fra:28 Mem:340.06M (Peak 761.06M) | Time:00:01.30 | Mem:272.01M, Peak:272.01M | Scene, ViewLayer | Updating Objects | Applying Static Transformations
Fra:28 Mem:340.06M (Peak 761.06M) | Time:00:01.30 | Mem:272.01M, Peak:272.01M | Scene, ViewLayer | Updating Particle Systems
Fra:28 Mem:340.06M (Peak 761.06M) | Time:00:01.30 | Mem:272.01M, Peak:272.01M | Scene, ViewLayer | Updating Particle Systems | Copying Particles to device
Fra:28 Mem:340.06M (Peak 761.06M) | Time:00:01.30 | Mem:272.01M, Peak:272.01M | Scene, ViewLayer | Updating Meshes
Fra:28 Mem:340.96M (Peak 761.06M) | Time:00:01.30 | Mem:272.01M, Peak:272.01M | Scene, ViewLayer | Updating Mesh | Computing attributes
Fra:28 Mem:344.08M (Peak 761.06M) | Time:00:01.30 | Mem:272.02M, Peak:272.02M | Scene, ViewLayer | Updating Mesh | Copying Attributes to device
Fra:28 Mem:344.06M (Peak 761.06M) | Time:00:01.30 | Mem:275.11M, Peak:275.11M | Scene, ViewLayer | Updating Geometry BVH low poly_Material.001_0.001 2/2 | Building BVH
Fra:28 Mem:344.19M (Peak 761.06M) | Time:00:01.31 | Mem:275.11M, Peak:275.11M | Scene, ViewLayer | Updating Geometry BVH low poly_Material.001_0 1/2 | Building BVH
Fra:28 Mem:344.32M (Peak 761.06M) | Time:00:01.31 | Mem:275.11M, Peak:275.11M | Scene, ViewLayer | Updating Geometry BVH low poly_Material.001_0 1/2 | Packing BVH triangles and strands
Fra:28 Mem:344.33M (Peak 761.06M) | Time:00:01.31 | Mem:275.11M, Peak:275.11M | Scene, ViewLayer | Updating Geometry BVH low poly_Material.001_0 1/2 | Packing BVH nodes
Fra:28 Mem:344.26M (Peak 761.06M) | Time:00:01.31 | Mem:275.11M, Peak:275.11M | Scene, ViewLayer | Updating Geometry BVH low poly_Material.001_0 1/2 | Packing BVH triangles and strands
Fra:28 Mem:344.27M (Peak 761.06M) | Time:00:01.31 | Mem:275.11M, Peak:275.11M | Scene, ViewLayer | Updating Geometry BVH low poly_Material.001_0 1/2 | Packing BVH nodes
Fra:28 Mem:344.19M (Peak 761.06M) | Time:00:01.31 | Mem:275.11M, Peak:275.11M | Scene, ViewLayer | Updating Scene BVH | Building
Fra:28 Mem:344.19M (Peak 761.06M) | Time:00:01.31 | Mem:275.11M, Peak:275.11M | Scene, ViewLayer | Updating Scene BVH | Building BVH
Fra:28 Mem:347.31M (Peak 761.06M) | Time:00:01.33 | Mem:275.11M, Peak:275.11M | Scene, ViewLayer | Updating Scene BVH | Packing BVH triangles and strands
Fra:28 Mem:347.52M (Peak 761.06M) | Time:00:01.33 | Mem:275.11M, Peak:275.11M | Scene, ViewLayer | Updating Scene BVH | Packing BVH nodes
Fra:28 Mem:347.65M (Peak 761.06M) | Time:00:01.34 | Mem:275.11M, Peak:275.11M | Scene, ViewLayer | Updating Scene BVH | Copying BVH to device
Fra:28 Mem:347.65M (Peak 761.06M) | Time:00:01.34 | Mem:276.84M, Peak:276.84M | Scene, ViewLayer | Updating Mesh | Computing normals
Fra:28 Mem:350.33M (Peak 761.06M) | Time:00:01.34 | Mem:276.84M, Peak:276.84M | Scene, ViewLayer | Updating Mesh | Copying Mesh to device
Fra:28 Mem:350.33M (Peak 761.06M) | Time:00:01.34 | Mem:279.53M, Peak:279.53M | Scene, ViewLayer | Updating Objects Flags
Fra:28 Mem:350.33M (Peak 761.06M) | Time:00:01.35 | Mem:279.53M, Peak:279.53M | Scene, ViewLayer | Updating Primitive Offsets
Fra:28 Mem:350.33M (Peak 761.06M) | Time:00:01.35 | Mem:279.53M, Peak:279.53M | Scene, ViewLayer | Updating Images
Fra:28 Mem:350.33M (Peak 761.06M) | Time:00:01.35 | Mem:279.53M, Peak:279.53M | Scene, ViewLayer | Updating Images | Loading kloofendal_48d_partly_cloudy_puresky_2k.hdr
Fra:28 Mem:382.33M (Peak 761.06M) | Time:00:01.43 | Mem:311.53M, Peak:311.53M | Scene, ViewLayer | Updating Camera Volume
Fra:28 Mem:382.33M (Peak 761.06M) | Time:00:01.43 | Mem:311.53M, Peak:311.53M | Scene, ViewLayer | Updating Lookup Tables
Fra:28 Mem:382.33M (Peak 761.06M) | Time:00:01.43 | Mem:311.53M, Peak:311.53M | Scene, ViewLayer | Updating Lights
Fra:28 Mem:382.34M (Peak 761.06M) | Time:00:01.43 | Mem:311.53M, Peak:311.53M | Scene, ViewLayer | Updating Lights | Importance map
Fra:28 Mem:446.37M (Peak 761.06M) | Time:00:01.73 | Mem:375.56M, Peak:375.56M | Scene, ViewLayer | Updating Lights | Computing distribution
Fra:28 Mem:446.37M (Peak 761.06M) | Time:00:01.74 | Mem:375.56M, Peak:375.56M | Scene, ViewLayer | Updating Lights | Computing tree
Fra:28 Mem:446.37M (Peak 761.06M) | Time:00:01.74 | Mem:375.56M, Peak:375.56M | Scene, ViewLayer | Updating Integrator
Fra:28 Mem:447.37M (Peak 761.06M) | Time:00:01.74 | Mem:376.56M, Peak:376.56M | Scene, ViewLayer | Updating Film
Fra:28 Mem:447.37M (Peak 761.06M) | Time:00:01.74 | Mem:376.56M, Peak:376.56M | Scene, ViewLayer | Updating Lookup Tables
Fra:28 Mem:447.37M (Peak 761.06M) | Time:00:01.74 | Mem:376.56M, Peak:376.56M | Scene, ViewLayer | Updating Baking
Fra:28 Mem:447.37M (Peak 761.06M) | Time:00:01.74 | Mem:376.56M, Peak:376.56M | Scene, ViewLayer | Updating Device | Writing constant memory
Fra:28 Mem:447.37M (Peak 761.06M) | Time:00:01.74 | Mem:376.56M, Peak:376.56M | Scene, ViewLayer | Loading denoising kernels (may take a few minutes the first time)
Fra:28 Mem:510.43M (Peak 761.06M) | Time:00:01.81 | Mem:376.56M, Peak:376.56M | Scene, ViewLayer | Sample 0/64
Fra:28 Mem:577.24M (Peak 761.06M) | Time:00:01.82 | Remaining:00:00.73 | Mem:376.56M, Peak:376.56M | Scene, ViewLayer | Sample 1/64
Fra:28 Mem:672.20M (Peak 761.06M) | Time:00:02.42 | Mem:443.36M, Peak:443.36M | Scene, ViewLayer | Sample 64/64
Fra:28 Mem:672.20M (Peak 761.06M) | Time:00:02.42 | Mem:443.36M, Peak:443.36M | Scene, ViewLayer | Finished
Append frame 28
 Time: 00:03.15 (Saving: 00:00.05)

Fra:29 Mem:66.70M (Peak 761.06M) | Time:00:00.52 | Mem:0.00M, Peak:0.00M | Scene, ViewLayer | Synchronizing object | Object_4
Fra:29 Mem:66.71M (Peak 761.06M) | Time:00:00.52 | Mem:0.00M, Peak:0.00M | Scene, ViewLayer | Synchronizing object | Object_30
Fra:29 Mem:66.71M (Peak 761.06M) | Time:00:00.52 | Mem:0.00M, Peak:0.00M | Scene, ViewLayer | Synchronizing object | tennis_old
Fra:29 Mem:72.92M (Peak 761.06M) | Time:00:00.55 | Mem:0.00M, Peak:0.00M | Scene, ViewLayer | Initializing
Fra:29 Mem:72.82M (Peak 761.06M) | Time:00:00.55 | Mem:0.00M, Peak:0.00M | Scene, ViewLayer | Updating Images | Loading Image_0.002
Fra:29 Mem:72.82M (Peak 761.06M) | Time:00:00.55 | Mem:0.00M, Peak:0.00M | Scene, ViewLayer | Updating Images | Loading Image_14
Fra:29 Mem:76.82M (Peak 761.06M) | Time:00:00.55 | Mem:0.00M, Peak:0.00M | Scene, ViewLayer | Updating Images | Loading Image_0.001
Fra:29 Mem:340.04M (Peak 761.06M) | Time:00:00.94 | Mem:272.00M, Peak:272.00M | Scene, ViewLayer | Waiting for render to start
Fra:29 Mem:340.05M (Peak 761.06M) | Time:00:00.94 | Mem:272.00M, Peak:272.00M | Scene, ViewLayer | Loading render kernels (may take a few minutes the first time)
Fra:29 Mem:340.05M (Peak 761.06M) | Time:00:01.28 | Mem:272.00M, Peak:272.00M | Scene, ViewLayer | Updating Scene
Fra:29 Mem:340.05M (Peak 761.06M) | Time:00:01.28 | Mem:272.00M, Peak:272.00M | Scene, ViewLayer | Updating Shaders
Fra:29 Mem:340.06M (Peak 761.06M) | Time:00:01.28 | Mem:272.01M, Peak:272.01M | Scene, ViewLayer | Updating Procedurals
Fra:29 Mem:340.06M (Peak 761.06M) | Time:00:01.28 | Mem:272.01M, Peak:272.01M | Scene, ViewLayer | Updating Background
Fra:29 Mem:340.06M (Peak 761.06M) | Time:00:01.28 | Mem:272.01M, Peak:272.01M | Scene, ViewLayer | Updating Camera
Fra:29 Mem:340.06M (Peak 761.06M) | Time:00:01.28 | Mem:272.01M, Peak:272.01M | Scene, ViewLayer | Updating Meshes Flags
Fra:29 Mem:340.06M (Peak 761.06M) | Time:00:01.28 | Mem:272.01M, Peak:272.01M | Scene, ViewLayer | Updating Objects
Fra:29 Mem:340.06M (Peak 761.06M) | Time:00:01.28 | Mem:272.01M, Peak:272.01M | Scene, ViewLayer | Updating Objects | Copying Transformations to device
Fra:29 Mem:340.06M (Peak 761.06M) | Time:00:01.28 | Mem:272.01M, Peak:272.01M | Scene, ViewLayer | Updating Objects | Applying Static Transformations
Fra:29 Mem:340.06M (Peak 761.06M) | Time:00:01.29 | Mem:272.01M, Peak:272.01M | Scene, ViewLayer | Updating Particle Systems
Fra:29 Mem:340.06M (Peak 761.06M) | Time:00:01.29 | Mem:272.01M, Peak:272.01M | Scene, ViewLayer | Updating Particle Systems | Copying Particles to device
Fra:29 Mem:340.06M (Peak 761.06M) | Time:00:01.29 | Mem:272.01M, Peak:272.01M | Scene, ViewLayer | Updating Meshes
Fra:29 Mem:340.96M (Peak 761.06M) | Time:00:01.29 | Mem:272.01M, Peak:272.01M | Scene, ViewLayer | Updating Mesh | Computing attributes
Fra:29 Mem:344.08M (Peak 761.06M) | Time:00:01.29 | Mem:272.02M, Peak:272.02M | Scene, ViewLayer | Updating Mesh | Copying Attributes to device
Fra:29 Mem:344.06M (Peak 761.06M) | Time:00:01.29 | Mem:275.11M, Peak:275.11M | Scene, ViewLayer | Updating Geometry BVH low poly_Material.001_0.001 2/2 | Building BVH
Fra:29 Mem:344.16M (Peak 761.06M) | Time:00:01.29 | Mem:275.11M, Peak:275.11M | Scene, ViewLayer | Updating Geometry BVH low poly_Material.001_0 1/2 | Building BVH
Fra:29 Mem:344.31M (Peak 761.06M) | Time:00:01.29 | Mem:275.11M, Peak:275.11M | Scene, ViewLayer | Updating Geometry BVH low poly_Material.001_0 1/2 | Packing BVH triangles and strands
Fra:29 Mem:344.32M (Peak 761.06M) | Time:00:01.29 | Mem:275.11M, Peak:275.11M | Scene, ViewLayer | Updating Geometry BVH low poly_Material.001_0 1/2 | Packing BVH nodes
Fra:29 Mem:344.25M (Peak 761.06M) | Time:00:01.30 | Mem:275.11M, Peak:275.11M | Scene, ViewLayer | Updating Geometry BVH low poly_Material.001_0 1/2 | Packing BVH triangles and strands
Fra:29 Mem:344.26M (Peak 761.06M) | Time:00:01.30 | Mem:275.11M, Peak:275.11M | Scene, ViewLayer | Updating Geometry BVH low poly_Material.001_0 1/2 | Packing BVH nodes
Fra:29 Mem:344.19M (Peak 761.06M) | Time:00:01.30 | Mem:275.11M, Peak:275.11M | Scene, ViewLayer | Updating Scene BVH | Building
Fra:29 Mem:344.19M (Peak 761.06M) | Time:00:01.30 | Mem:275.11M, Peak:275.11M | Scene, ViewLayer | Updating Scene BVH | Building BVH
Fra:29 Mem:347.30M (Peak 761.06M) | Time:00:01.32 | Mem:275.11M, Peak:275.11M | Scene, ViewLayer | Updating Scene BVH | Packing BVH triangles and strands
Fra:29 Mem:347.51M (Peak 761.06M) | Time:00:01.32 | Mem:275.11M, Peak:275.11M | Scene, ViewLayer | Updating Scene BVH | Packing BVH nodes
Fra:29 Mem:347.65M (Peak 761.06M) | Time:00:01.32 | Mem:275.11M, Peak:275.11M | Scene, ViewLayer | Updating Scene BVH | Copying BVH to device
Fra:29 Mem:347.65M (Peak 761.06M) | Time:00:01.33 | Mem:276.84M, Peak:276.84M | Scene, ViewLayer | Updating Mesh | Computing normals
Fra:29 Mem:350.33M (Peak 761.06M) | Time:00:01.33 | Mem:276.84M, Peak:276.84M | Scene, ViewLayer | Updating Mesh | Copying Mesh to device
Fra:29 Mem:350.33M (Peak 761.06M) | Time:00:01.33 | Mem:279.53M, Peak:279.53M | Scene, ViewLayer | Updating Objects Flags
Fra:29 Mem:350.33M (Peak 761.06M) | Time:00:01.33 | Mem:279.53M, Peak:279.53M | Scene, ViewLayer | Updating Primitive Offsets
Fra:29 Mem:350.33M (Peak 761.06M) | Time:00:01.33 | Mem:279.53M, Peak:279.53M | Scene, ViewLayer | Updating Images
Fra:29 Mem:350.33M (Peak 761.06M) | Time:00:01.33 | Mem:279.53M, Peak:279.53M | Scene, ViewLayer | Updating Images | Loading kloofendal_48d_partly_cloudy_puresky_2k.hdr
Fra:29 Mem:382.33M (Peak 761.06M) | Time:00:01.41 | Mem:311.53M, Peak:311.53M | Scene, ViewLayer | Updating Camera Volume
Fra:29 Mem:382.33M (Peak 761.06M) | Time:00:01.41 | Mem:311.53M, Peak:311.53M | Scene, ViewLayer | Updating Lookup Tables
Fra:29 Mem:382.33M (Peak 761.06M) | Time:00:01.41 | Mem:311.53M, Peak:311.53M | Scene, ViewLayer | Updating Lights
Fra:29 Mem:382.33M (Peak 761.06M) | Time:00:01.41 | Mem:311.53M, Peak:311.53M | Scene, ViewLayer | Updating Lights | Importance map
Fra:29 Mem:446.36M (Peak 761.06M) | Time:00:01.70 | Mem:375.56M, Peak:375.56M | Scene, ViewLayer | Updating Lights | Computing distribution
Fra:29 Mem:446.36M (Peak 761.06M) | Time:00:01.70 | Mem:375.56M, Peak:375.56M | Scene, ViewLayer | Updating Lights | Computing tree
Fra:29 Mem:446.36M (Peak 761.06M) | Time:00:01.71 | Mem:375.56M, Peak:375.56M | Scene, ViewLayer | Updating Integrator
Fra:29 Mem:447.36M (Peak 761.06M) | Time:00:01.71 | Mem:376.56M, Peak:376.56M | Scene, ViewLayer | Updating Film
Fra:29 Mem:447.36M (Peak 761.06M) | Time:00:01.71 | Mem:376.56M, Peak:376.56M | Scene, ViewLayer | Updating Lookup Tables
Fra:29 Mem:447.36M (Peak 761.06M) | Time:00:01.71 | Mem:376.56M, Peak:376.56M | Scene, ViewLayer | Updating Baking
Fra:29 Mem:447.36M (Peak 761.06M) | Time:00:01.71 | Mem:376.56M, Peak:376.56M | Scene, ViewLayer | Updating Device | Writing constant memory
Fra:29 Mem:447.37M (Peak 761.06M) | Time:00:01.71 | Mem:376.56M, Peak:376.56M | Scene, ViewLayer | Loading denoising kernels (may take a few minutes the first time)
Fra:29 Mem:510.42M (Peak 761.06M) | Time:00:01.78 | Mem:376.56M, Peak:376.56M | Scene, ViewLayer | Sample 0/64
Fra:29 Mem:577.23M (Peak 761.06M) | Time:00:01.79 | Remaining:00:00.74 | Mem:376.56M, Peak:376.56M | Scene, ViewLayer | Sample 1/64
Fra:29 Mem:672.20M (Peak 761.06M) | Time:00:02.38 | Mem:443.36M, Peak:443.36M | Scene, ViewLayer | Sample 64/64
Fra:29 Mem:672.20M (Peak 761.06M) | Time:00:02.38 | Mem:443.36M, Peak:443.36M | Scene, ViewLayer | Finished
Append frame 29
 Time: 00:03.12 (Saving: 00:00.05)

Fra:30 Mem:66.70M (Peak 761.06M) | Time:00:00.55 | Mem:0.00M, Peak:0.00M | Scene, ViewLayer | Synchronizing object | Object_4
Fra:30 Mem:66.71M (Peak 761.06M) | Time:00:00.55 | Mem:0.00M, Peak:0.00M | Scene, ViewLayer | Synchronizing object | Object_30
Fra:30 Mem:66.81M (Peak 761.06M) | Time:00:00.55 | Mem:0.00M, Peak:0.00M | Scene, ViewLayer | Synchronizing object | tennis_old
Fra:30 Mem:72.92M (Peak 761.06M) | Time:00:00.57 | Mem:0.00M, Peak:0.00M | Scene, ViewLayer | Initializing
Fra:30 Mem:72.82M (Peak 761.06M) | Time:00:00.57 | Mem:0.00M, Peak:0.00M | Scene, ViewLayer | Updating Images | Loading Image_0
Fra:30 Mem:72.82M (Peak 761.06M) | Time:00:00.57 | Mem:0.00M, Peak:0.00M | Scene, ViewLayer | Updating Images | Loading Image_11
Fra:30 Mem:340.05M (Peak 761.06M) | Time:00:00.99 | Mem:272.00M, Peak:272.00M | Scene, ViewLayer | Waiting for render to start
Fra:30 Mem:340.05M (Peak 761.06M) | Time:00:00.99 | Mem:272.00M, Peak:272.00M | Scene, ViewLayer | Loading render kernels (may take a few minutes the first time)
Fra:30 Mem:340.05M (Peak 761.06M) | Time:00:01.34 | Mem:272.00M, Peak:272.00M | Scene, ViewLayer | Updating Scene
Fra:30 Mem:340.05M (Peak 761.06M) | Time:00:01.34 | Mem:272.00M, Peak:272.00M | Scene, ViewLayer | Updating Shaders
Fra:30 Mem:340.06M (Peak 761.06M) | Time:00:01.34 | Mem:272.01M, Peak:272.01M | Scene, ViewLayer | Updating Procedurals
Fra:30 Mem:340.06M (Peak 761.06M) | Time:00:01.34 | Mem:272.01M, Peak:272.01M | Scene, ViewLayer | Updating Background
Fra:30 Mem:340.06M (Peak 761.06M) | Time:00:01.34 | Mem:272.01M, Peak:272.01M | Scene, ViewLayer | Updating Camera
Fra:30 Mem:340.06M (Peak 761.06M) | Time:00:01.34 | Mem:272.01M, Peak:272.01M | Scene, ViewLayer | Updating Meshes Flags
Fra:30 Mem:340.06M (Peak 761.06M) | Time:00:01.34 | Mem:272.01M, Peak:272.01M | Scene, ViewLayer | Updating Objects
Fra:30 Mem:340.06M (Peak 761.06M) | Time:00:01.34 | Mem:272.01M, Peak:272.01M | Scene, ViewLayer | Updating Objects | Copying Transformations to device
Fra:30 Mem:340.07M (Peak 761.06M) | Time:00:01.34 | Mem:272.01M, Peak:272.01M | Scene, ViewLayer | Updating Objects | Applying Static Transformations
Fra:30 Mem:340.07M (Peak 761.06M) | Time:00:01.34 | Mem:272.01M, Peak:272.01M | Scene, ViewLayer | Updating Particle Systems
Fra:30 Mem:340.07M (Peak 761.06M) | Time:00:01.34 | Mem:272.01M, Peak:272.01M | Scene, ViewLayer | Updating Particle Systems | Copying Particles to device
Fra:30 Mem:340.07M (Peak 761.06M) | Time:00:01.34 | Mem:272.01M, Peak:272.01M | Scene, ViewLayer | Updating Meshes
Fra:30 Mem:340.97M (Peak 761.06M) | Time:00:01.34 | Mem:272.01M, Peak:272.01M | Scene, ViewLayer | Updating Mesh | Computing attributes
Fra:30 Mem:344.08M (Peak 761.06M) | Time:00:01.34 | Mem:272.02M, Peak:272.02M | Scene, ViewLayer | Updating Mesh | Copying Attributes to device
Fra:30 Mem:344.06M (Peak 761.06M) | Time:00:01.35 | Mem:275.11M, Peak:275.11M | Scene, ViewLayer | Updating Geometry BVH low poly_Material.001_0.001 2/2 | Building BVH
Fra:30 Mem:344.18M (Peak 761.06M) | Time:00:01.35 | Mem:275.11M, Peak:275.11M | Scene, ViewLayer | Updating Geometry BVH low poly_Material.001_0 1/2 | Building BVH
Fra:30 Mem:344.32M (Peak 761.06M) | Time:00:01.35 | Mem:275.11M, Peak:275.11M | Scene, ViewLayer | Updating Geometry BVH low poly_Material.001_0 1/2 | Packing BVH triangles and strands
Fra:30 Mem:344.33M (Peak 761.06M) | Time:00:01.35 | Mem:275.11M, Peak:275.11M | Scene, ViewLayer | Updating Geometry BVH low poly_Material.001_0 1/2 | Packing BVH nodes
Fra:30 Mem:344.26M (Peak 761.06M) | Time:00:01.35 | Mem:275.11M, Peak:275.11M | Scene, ViewLayer | Updating Geometry BVH low poly_Material.001_0 1/2 | Packing BVH triangles and strands
Fra:30 Mem:344.27M (Peak 761.06M) | Time:00:01.35 | Mem:275.11M, Peak:275.11M | Scene, ViewLayer | Updating Geometry BVH low poly_Material.001_0 1/2 | Packing BVH nodes
Fra:30 Mem:344.19M (Peak 761.06M) | Time:00:01.35 | Mem:275.11M, Peak:275.11M | Scene, ViewLayer | Updating Scene BVH | Building
Fra:30 Mem:344.19M (Peak 761.06M) | Time:00:01.35 | Mem:275.11M, Peak:275.11M | Scene, ViewLayer | Updating Scene BVH | Building BVH
Fra:30 Mem:347.31M (Peak 761.06M) | Time:00:01.37 | Mem:275.11M, Peak:275.11M | Scene, ViewLayer | Updating Scene BVH | Packing BVH triangles and strands
Fra:30 Mem:347.52M (Peak 761.06M) | Time:00:01.37 | Mem:275.11M, Peak:275.11M | Scene, ViewLayer | Updating Scene BVH | Packing BVH nodes
Fra:30 Mem:347.65M (Peak 761.06M) | Time:00:01.37 | Mem:275.11M, Peak:275.11M | Scene, ViewLayer | Updating Scene BVH | Copying BVH to device
Fra:30 Mem:347.65M (Peak 761.06M) | Time:00:01.38 | Mem:276.84M, Peak:276.84M | Scene, ViewLayer | Updating Mesh | Computing normals
Fra:30 Mem:350.34M (Peak 761.06M) | Time:00:01.38 | Mem:276.84M, Peak:276.84M | Scene, ViewLayer | Updating Mesh | Copying Mesh to device
Fra:30 Mem:350.34M (Peak 761.06M) | Time:00:01.38 | Mem:279.53M, Peak:279.53M | Scene, ViewLayer | Updating Objects Flags
Fra:30 Mem:350.34M (Peak 761.06M) | Time:00:01.38 | Mem:279.53M, Peak:279.53M | Scene, ViewLayer | Updating Primitive Offsets
Fra:30 Mem:350.34M (Peak 761.06M) | Time:00:01.38 | Mem:279.53M, Peak:279.53M | Scene, ViewLayer | Updating Images
Fra:30 Mem:350.34M (Peak 761.06M) | Time:00:01.38 | Mem:279.53M, Peak:279.53M | Scene, ViewLayer | Updating Images | Loading kloofendal_48d_partly_cloudy_puresky_2k.hdr
Fra:30 Mem:382.34M (Peak 761.06M) | Time:00:01.46 | Mem:311.53M, Peak:311.53M | Scene, ViewLayer | Updating Camera Volume
Fra:30 Mem:382.34M (Peak 761.06M) | Time:00:01.46 | Mem:311.53M, Peak:311.53M | Scene, ViewLayer | Updating Lookup Tables
Fra:30 Mem:382.34M (Peak 761.06M) | Time:00:01.46 | Mem:311.53M, Peak:311.53M | Scene, ViewLayer | Updating Lights
Fra:30 Mem:382.34M (Peak 761.06M) | Time:00:01.46 | Mem:311.53M, Peak:311.53M | Scene, ViewLayer | Updating Lights | Importance map
Fra:30 Mem:446.37M (Peak 761.06M) | Time:00:01.78 | Mem:375.56M, Peak:375.56M | Scene, ViewLayer | Updating Lights | Computing distribution
Fra:30 Mem:446.37M (Peak 761.06M) | Time:00:01.78 | Mem:375.56M, Peak:375.56M | Scene, ViewLayer | Updating Lights | Computing tree
Fra:30 Mem:446.37M (Peak 761.06M) | Time:00:01.79 | Mem:375.56M, Peak:375.56M | Scene, ViewLayer | Updating Integrator
Fra:30 Mem:447.37M (Peak 761.06M) | Time:00:01.79 | Mem:376.56M, Peak:376.56M | Scene, ViewLayer | Updating Film
Fra:30 Mem:447.37M (Peak 761.06M) | Time:00:01.79 | Mem:376.56M, Peak:376.56M | Scene, ViewLayer | Updating Lookup Tables
Fra:30 Mem:447.37M (Peak 761.06M) | Time:00:01.79 | Mem:376.56M, Peak:376.56M | Scene, ViewLayer | Updating Baking
Fra:30 Mem:447.37M (Peak 761.06M) | Time:00:01.79 | Mem:376.56M, Peak:376.56M | Scene, ViewLayer | Updating Device | Writing constant memory
Fra:30 Mem:447.37M (Peak 761.06M) | Time:00:01.79 | Mem:376.56M, Peak:376.56M | Scene, ViewLayer | Loading denoising kernels (may take a few minutes the first time)
Fra:30 Mem:510.43M (Peak 761.06M) | Time:00:01.86 | Mem:376.56M, Peak:376.56M | Scene, ViewLayer | Sample 0/64
Fra:30 Mem:577.24M (Peak 761.06M) | Time:00:01.87 | Remaining:00:00.74 | Mem:376.56M, Peak:376.56M | Scene, ViewLayer | Sample 1/64
Fra:30 Mem:672.20M (Peak 761.06M) | Time:00:02.41 | Mem:443.36M, Peak:443.36M | Scene, ViewLayer | Sample 64/64
Fra:30 Mem:672.20M (Peak 761.06M) | Time:00:02.41 | Mem:443.36M, Peak:443.36M | Scene, ViewLayer | Finished
Append frame 30
 Time: 00:03.15 (Saving: 00:00.04)

Fra:31 Mem:66.70M (Peak 761.06M) | Time:00:00.52 | Mem:0.00M, Peak:0.00M | Scene, ViewLayer | Synchronizing object | Object_4
Fra:31 Mem:66.71M (Peak 761.06M) | Time:00:00.52 | Mem:0.00M, Peak:0.00M | Scene, ViewLayer | Synchronizing object | Object_26
Fra:31 Mem:66.81M (Peak 761.06M) | Time:00:00.52 | Mem:0.00M, Peak:0.00M | Scene, ViewLayer | Synchronizing object | tennis_old
Fra:31 Mem:72.92M (Peak 761.06M) | Time:00:00.55 | Mem:0.00M, Peak:0.00M | Scene, ViewLayer | Initializing
Fra:31 Mem:72.82M (Peak 761.06M) | Time:00:00.55 | Mem:0.00M, Peak:0.00M | Scene, ViewLayer | Updating Images | Loading Image_0
Fra:31 Mem:72.82M (Peak 761.06M) | Time:00:00.55 | Mem:0.00M, Peak:0.00M | Scene, ViewLayer | Updating Images | Loading Image_0.001
Fra:31 Mem:340.05M (Peak 761.06M) | Time:00:00.94 | Mem:272.00M, Peak:272.00M | Scene, ViewLayer | Waiting for render to start
Fra:31 Mem:340.05M (Peak 761.06M) | Time:00:00.94 | Mem:272.00M, Peak:272.00M | Scene, ViewLayer | Loading render kernels (may take a few minutes the first time)
Fra:31 Mem:340.05M (Peak 761.06M) | Time:00:01.28 | Mem:272.00M, Peak:272.00M | Scene, ViewLayer | Updating Scene
Fra:31 Mem:340.05M (Peak 761.06M) | Time:00:01.28 | Mem:272.00M, Peak:272.00M | Scene, ViewLayer | Updating Shaders
Fra:31 Mem:340.06M (Peak 761.06M) | Time:00:01.29 | Mem:272.01M, Peak:272.01M | Scene, ViewLayer | Updating Procedurals
Fra:31 Mem:340.06M (Peak 761.06M) | Time:00:01.29 | Mem:272.01M, Peak:272.01M | Scene, ViewLayer | Updating Background
Fra:31 Mem:340.06M (Peak 761.06M) | Time:00:01.29 | Mem:272.01M, Peak:272.01M | Scene, ViewLayer | Updating Camera
Fra:31 Mem:340.06M (Peak 761.06M) | Time:00:01.29 | Mem:272.01M, Peak:272.01M | Scene, ViewLayer | Updating Meshes Flags
Fra:31 Mem:340.06M (Peak 761.06M) | Time:00:01.29 | Mem:272.01M, Peak:272.01M | Scene, ViewLayer | Updating Objects
Fra:31 Mem:340.06M (Peak 761.06M) | Time:00:01.29 | Mem:272.01M, Peak:272.01M | Scene, ViewLayer | Updating Objects | Copying Transformations to device
Fra:31 Mem:340.07M (Peak 761.06M) | Time:00:01.29 | Mem:272.01M, Peak:272.01M | Scene, ViewLayer | Updating Objects | Applying Static Transformations
Fra:31 Mem:340.07M (Peak 761.06M) | Time:00:01.29 | Mem:272.01M, Peak:272.01M | Scene, ViewLayer | Updating Particle Systems
Fra:31 Mem:340.07M (Peak 761.06M) | Time:00:01.29 | Mem:272.01M, Peak:272.01M | Scene, ViewLayer | Updating Particle Systems | Copying Particles to device
Fra:31 Mem:340.07M (Peak 761.06M) | Time:00:01.29 | Mem:272.01M, Peak:272.01M | Scene, ViewLayer | Updating Meshes
Fra:31 Mem:340.97M (Peak 761.06M) | Time:00:01.29 | Mem:272.01M, Peak:272.01M | Scene, ViewLayer | Updating Mesh | Computing attributes
Fra:31 Mem:344.08M (Peak 761.06M) | Time:00:01.29 | Mem:272.02M, Peak:272.02M | Scene, ViewLayer | Updating Mesh | Copying Attributes to device
Fra:31 Mem:344.07M (Peak 761.06M) | Time:00:01.29 | Mem:275.11M, Peak:275.11M | Scene, ViewLayer | Updating Geometry BVH low poly_Material.001_0.001 2/2 | Building BVH
Fra:31 Mem:344.19M (Peak 761.06M) | Time:00:01.29 | Mem:275.11M, Peak:275.11M | Scene, ViewLayer | Updating Geometry BVH low poly_Material.001_0 1/2 | Building BVH
Fra:31 Mem:344.32M (Peak 761.06M) | Time:00:01.30 | Mem:275.11M, Peak:275.11M | Scene, ViewLayer | Updating Geometry BVH low poly_Material.001_0 1/2 | Packing BVH triangles and strands
Fra:31 Mem:344.33M (Peak 761.06M) | Time:00:01.30 | Mem:275.11M, Peak:275.11M | Scene, ViewLayer | Updating Geometry BVH low poly_Material.001_0 1/2 | Packing BVH nodes
Fra:31 Mem:344.26M (Peak 761.06M) | Time:00:01.30 | Mem:275.11M, Peak:275.11M | Scene, ViewLayer | Updating Geometry BVH low poly_Material.001_0 1/2 | Packing BVH triangles and strands
Fra:31 Mem:344.27M (Peak 761.06M) | Time:00:01.30 | Mem:275.11M, Peak:275.11M | Scene, ViewLayer | Updating Geometry BVH low poly_Material.001_0 1/2 | Packing BVH nodes
Fra:31 Mem:344.19M (Peak 761.06M) | Time:00:01.30 | Mem:275.11M, Peak:275.11M | Scene, ViewLayer | Updating Scene BVH | Building
Fra:31 Mem:344.19M (Peak 761.06M) | Time:00:01.30 | Mem:275.11M, Peak:275.11M | Scene, ViewLayer | Updating Scene BVH | Building BVH
Fra:31 Mem:347.31M (Peak 761.06M) | Time:00:01.32 | Mem:275.11M, Peak:275.11M | Scene, ViewLayer | Updating Scene BVH | Packing BVH triangles and strands
Fra:31 Mem:347.52M (Peak 761.06M) | Time:00:01.32 | Mem:275.11M, Peak:275.11M | Scene, ViewLayer | Updating Scene BVH | Packing BVH nodes
Fra:31 Mem:347.65M (Peak 761.06M) | Time:00:01.32 | Mem:275.11M, Peak:275.11M | Scene, ViewLayer | Updating Scene BVH | Copying BVH to device
Fra:31 Mem:347.65M (Peak 761.06M) | Time:00:01.33 | Mem:276.84M, Peak:276.84M | Scene, ViewLayer | Updating Mesh | Computing normals
Fra:31 Mem:350.34M (Peak 761.06M) | Time:00:01.33 | Mem:276.84M, Peak:276.84M | Scene, ViewLayer | Updating Mesh | Copying Mesh to device
Fra:31 Mem:350.34M (Peak 761.06M) | Time:00:01.33 | Mem:279.53M, Peak:279.53M | Scene, ViewLayer | Updating Objects Flags
Fra:31 Mem:350.34M (Peak 761.06M) | Time:00:01.33 | Mem:279.53M, Peak:279.53M | Scene, ViewLayer | Updating Primitive Offsets
Fra:31 Mem:350.34M (Peak 761.06M) | Time:00:01.33 | Mem:279.53M, Peak:279.53M | Scene, ViewLayer | Updating Images
Fra:31 Mem:350.34M (Peak 761.06M) | Time:00:01.33 | Mem:279.53M, Peak:279.53M | Scene, ViewLayer | Updating Images | Loading kloofendal_48d_partly_cloudy_puresky_2k.hdr
Fra:31 Mem:382.34M (Peak 761.06M) | Time:00:01.41 | Mem:311.53M, Peak:311.53M | Scene, ViewLayer | Updating Camera Volume
Fra:31 Mem:382.34M (Peak 761.06M) | Time:00:01.41 | Mem:311.53M, Peak:311.53M | Scene, ViewLayer | Updating Lookup Tables
Fra:31 Mem:382.34M (Peak 761.06M) | Time:00:01.41 | Mem:311.53M, Peak:311.53M | Scene, ViewLayer | Updating Lights
Fra:31 Mem:382.34M (Peak 761.06M) | Time:00:01.41 | Mem:311.53M, Peak:311.53M | Scene, ViewLayer | Updating Lights | Importance map
Fra:31 Mem:446.37M (Peak 761.06M) | Time:00:01.70 | Mem:375.56M, Peak:375.56M | Scene, ViewLayer | Updating Lights | Computing distribution
Fra:31 Mem:446.37M (Peak 761.06M) | Time:00:01.70 | Mem:375.56M, Peak:375.56M | Scene, ViewLayer | Updating Lights | Computing tree
Fra:31 Mem:446.37M (Peak 761.06M) | Time:00:01.70 | Mem:375.56M, Peak:375.56M | Scene, ViewLayer | Updating Integrator
Fra:31 Mem:447.37M (Peak 761.06M) | Time:00:01.71 | Mem:376.56M, Peak:376.56M | Scene, ViewLayer | Updating Film
Fra:31 Mem:447.37M (Peak 761.06M) | Time:00:01.71 | Mem:376.56M, Peak:376.56M | Scene, ViewLayer | Updating Lookup Tables
Fra:31 Mem:447.37M (Peak 761.06M) | Time:00:01.71 | Mem:376.56M, Peak:376.56M | Scene, ViewLayer | Updating Baking
Fra:31 Mem:447.37M (Peak 761.06M) | Time:00:01.71 | Mem:376.56M, Peak:376.56M | Scene, ViewLayer | Updating Device | Writing constant memory
Fra:31 Mem:447.37M (Peak 761.06M) | Time:00:01.71 | Mem:376.56M, Peak:376.56M | Scene, ViewLayer | Loading denoising kernels (may take a few minutes the first time)
Fra:31 Mem:510.43M (Peak 761.06M) | Time:00:01.78 | Mem:376.56M, Peak:376.56M | Scene, ViewLayer | Sample 0/64
Fra:31 Mem:577.24M (Peak 761.06M) | Time:00:01.79 | Remaining:00:00.76 | Mem:376.56M, Peak:376.56M | Scene, ViewLayer | Sample 1/64
Fra:31 Mem:672.20M (Peak 761.06M) | Time:00:02.41 | Mem:443.36M, Peak:443.36M | Scene, ViewLayer | Sample 64/64
Fra:31 Mem:672.20M (Peak 761.06M) | Time:00:02.41 | Mem:443.36M, Peak:443.36M | Scene, ViewLayer | Finished
Append frame 31
 Time: 00:03.17 (Saving: 00:00.05)

Fra:32 Mem:66.70M (Peak 761.06M) | Time:00:00.53 | Mem:0.00M, Peak:0.00M | Scene, ViewLayer | Synchronizing object | Object_4
Fra:32 Mem:66.71M (Peak 761.06M) | Time:00:00.53 | Mem:0.00M, Peak:0.00M | Scene, ViewLayer | Synchronizing object | Object_30
Fra:32 Mem:66.81M (Peak 761.06M) | Time:00:00.53 | Mem:0.00M, Peak:0.00M | Scene, ViewLayer | Synchronizing object | tennis_old
Fra:32 Mem:72.92M (Peak 761.06M) | Time:00:00.56 | Mem:0.00M, Peak:0.00M | Scene, ViewLayer | Initializing
Fra:32 Mem:72.82M (Peak 761.06M) | Time:00:00.56 | Mem:0.00M, Peak:0.00M | Scene, ViewLayer | Updating Images | Loading Image_0
Fra:32 Mem:72.82M (Peak 761.06M) | Time:00:00.56 | Mem:0.00M, Peak:0.00M | Scene, ViewLayer | Updating Images | Loading Image_0.001
Fra:32 Mem:340.05M (Peak 761.06M) | Time:00:00.94 | Mem:272.00M, Peak:272.00M | Scene, ViewLayer | Waiting for render to start
Fra:32 Mem:340.05M (Peak 761.06M) | Time:00:00.94 | Mem:272.00M, Peak:272.00M | Scene, ViewLayer | Loading render kernels (may take a few minutes the first time)
Fra:32 Mem:340.05M (Peak 761.06M) | Time:00:01.29 | Mem:272.00M, Peak:272.00M | Scene, ViewLayer | Updating Scene
Fra:32 Mem:340.05M (Peak 761.06M) | Time:00:01.29 | Mem:272.00M, Peak:272.00M | Scene, ViewLayer | Updating Shaders
Fra:32 Mem:340.06M (Peak 761.06M) | Time:00:01.29 | Mem:272.01M, Peak:272.01M | Scene, ViewLayer | Updating Procedurals
Fra:32 Mem:340.06M (Peak 761.06M) | Time:00:01.29 | Mem:272.01M, Peak:272.01M | Scene, ViewLayer | Updating Background
Fra:32 Mem:340.06M (Peak 761.06M) | Time:00:01.29 | Mem:272.01M, Peak:272.01M | Scene, ViewLayer | Updating Camera
Fra:32 Mem:340.06M (Peak 761.06M) | Time:00:01.29 | Mem:272.01M, Peak:272.01M | Scene, ViewLayer | Updating Meshes Flags
Fra:32 Mem:340.06M (Peak 761.06M) | Time:00:01.29 | Mem:272.01M, Peak:272.01M | Scene, ViewLayer | Updating Objects
Fra:32 Mem:340.06M (Peak 761.06M) | Time:00:01.29 | Mem:272.01M, Peak:272.01M | Scene, ViewLayer | Updating Objects | Copying Transformations to device
Fra:32 Mem:340.07M (Peak 761.06M) | Time:00:01.29 | Mem:272.01M, Peak:272.01M | Scene, ViewLayer | Updating Objects | Applying Static Transformations
Fra:32 Mem:340.07M (Peak 761.06M) | Time:00:01.29 | Mem:272.01M, Peak:272.01M | Scene, ViewLayer | Updating Particle Systems
Fra:32 Mem:340.07M (Peak 761.06M) | Time:00:01.29 | Mem:272.01M, Peak:272.01M | Scene, ViewLayer | Updating Particle Systems | Copying Particles to device
Fra:32 Mem:340.07M (Peak 761.06M) | Time:00:01.29 | Mem:272.01M, Peak:272.01M | Scene, ViewLayer | Updating Meshes
Fra:32 Mem:340.97M (Peak 761.06M) | Time:00:01.29 | Mem:272.01M, Peak:272.01M | Scene, ViewLayer | Updating Mesh | Computing attributes
Fra:32 Mem:344.08M (Peak 761.06M) | Time:00:01.29 | Mem:272.02M, Peak:272.02M | Scene, ViewLayer | Updating Mesh | Copying Attributes to device
Fra:32 Mem:344.07M (Peak 761.06M) | Time:00:01.30 | Mem:275.11M, Peak:275.11M | Scene, ViewLayer | Updating Geometry BVH low poly_Material.001_0.001 2/2 | Building BVH
Fra:32 Mem:344.17M (Peak 761.06M) | Time:00:01.30 | Mem:275.11M, Peak:275.11M | Scene, ViewLayer | Updating Geometry BVH low poly_Material.001_0 1/2 | Building BVH
Fra:32 Mem:344.32M (Peak 761.06M) | Time:00:01.30 | Mem:275.11M, Peak:275.11M | Scene, ViewLayer | Updating Geometry BVH low poly_Material.001_0 1/2 | Packing BVH triangles and strands
Fra:32 Mem:344.33M (Peak 761.06M) | Time:00:01.30 | Mem:275.11M, Peak:275.11M | Scene, ViewLayer | Updating Geometry BVH low poly_Material.001_0 1/2 | Packing BVH nodes
Fra:32 Mem:344.26M (Peak 761.06M) | Time:00:01.30 | Mem:275.11M, Peak:275.11M | Scene, ViewLayer | Updating Geometry BVH low poly_Material.001_0 1/2 | Packing BVH triangles and strands
Fra:32 Mem:344.27M (Peak 761.06M) | Time:00:01.30 | Mem:275.11M, Peak:275.11M | Scene, ViewLayer | Updating Geometry BVH low poly_Material.001_0 1/2 | Packing BVH nodes
Fra:32 Mem:344.19M (Peak 761.06M) | Time:00:01.30 | Mem:275.11M, Peak:275.11M | Scene, ViewLayer | Updating Scene BVH | Building
Fra:32 Mem:344.19M (Peak 761.06M) | Time:00:01.30 | Mem:275.11M, Peak:275.11M | Scene, ViewLayer | Updating Scene BVH | Building BVH
Fra:32 Mem:347.31M (Peak 761.06M) | Time:00:01.32 | Mem:275.11M, Peak:275.11M | Scene, ViewLayer | Updating Scene BVH | Packing BVH triangles and strands
Fra:32 Mem:347.52M (Peak 761.06M) | Time:00:01.32 | Mem:275.11M, Peak:275.11M | Scene, ViewLayer | Updating Scene BVH | Packing BVH nodes
Fra:32 Mem:347.66M (Peak 761.06M) | Time:00:01.33 | Mem:275.11M, Peak:275.11M | Scene, ViewLayer | Updating Scene BVH | Copying BVH to device
Fra:32 Mem:347.66M (Peak 761.06M) | Time:00:01.33 | Mem:276.84M, Peak:276.84M | Scene, ViewLayer | Updating Mesh | Computing normals
Fra:32 Mem:350.34M (Peak 761.06M) | Time:00:01.33 | Mem:276.84M, Peak:276.84M | Scene, ViewLayer | Updating Mesh | Copying Mesh to device
Fra:32 Mem:350.34M (Peak 761.06M) | Time:00:01.33 | Mem:279.53M, Peak:279.53M | Scene, ViewLayer | Updating Objects Flags
Fra:32 Mem:350.34M (Peak 761.06M) | Time:00:01.33 | Mem:279.53M, Peak:279.53M | Scene, ViewLayer | Updating Primitive Offsets
Fra:32 Mem:350.34M (Peak 761.06M) | Time:00:01.33 | Mem:279.53M, Peak:279.53M | Scene, ViewLayer | Updating Images
Fra:32 Mem:350.34M (Peak 761.06M) | Time:00:01.33 | Mem:279.53M, Peak:279.53M | Scene, ViewLayer | Updating Images | Loading kloofendal_48d_partly_cloudy_puresky_2k.hdr
Fra:32 Mem:382.34M (Peak 761.06M) | Time:00:01.41 | Mem:311.53M, Peak:311.53M | Scene, ViewLayer | Updating Camera Volume
Fra:32 Mem:382.34M (Peak 761.06M) | Time:00:01.41 | Mem:311.53M, Peak:311.53M | Scene, ViewLayer | Updating Lookup Tables
Fra:32 Mem:382.34M (Peak 761.06M) | Time:00:01.41 | Mem:311.53M, Peak:311.53M | Scene, ViewLayer | Updating Lights
Fra:32 Mem:382.34M (Peak 761.06M) | Time:00:01.41 | Mem:311.53M, Peak:311.53M | Scene, ViewLayer | Updating Lights | Importance map
Fra:32 Mem:446.37M (Peak 761.06M) | Time:00:01.70 | Mem:375.56M, Peak:375.56M | Scene, ViewLayer | Updating Lights | Computing distribution
Fra:32 Mem:446.37M (Peak 761.06M) | Time:00:01.70 | Mem:375.56M, Peak:375.56M | Scene, ViewLayer | Updating Lights | Computing tree
Fra:32 Mem:446.37M (Peak 761.06M) | Time:00:01.71 | Mem:375.56M, Peak:375.56M | Scene, ViewLayer | Updating Integrator
Fra:32 Mem:447.37M (Peak 761.06M) | Time:00:01.71 | Mem:376.56M, Peak:376.56M | Scene, ViewLayer | Updating Film
Fra:32 Mem:447.37M (Peak 761.06M) | Time:00:01.71 | Mem:376.56M, Peak:376.56M | Scene, ViewLayer | Updating Lookup Tables
Fra:32 Mem:447.37M (Peak 761.06M) | Time:00:01.71 | Mem:376.56M, Peak:376.56M | Scene, ViewLayer | Updating Baking
Fra:32 Mem:447.37M (Peak 761.06M) | Time:00:01.71 | Mem:376.56M, Peak:376.56M | Scene, ViewLayer | Updating Device | Writing constant memory
Fra:32 Mem:447.37M (Peak 761.06M) | Time:00:01.71 | Mem:376.56M, Peak:376.56M | Scene, ViewLayer | Loading denoising kernels (may take a few minutes the first time)
Fra:32 Mem:510.43M (Peak 761.06M) | Time:00:01.78 | Mem:376.56M, Peak:376.56M | Scene, ViewLayer | Sample 0/64
Fra:32 Mem:577.24M (Peak 761.06M) | Time:00:01.79 | Remaining:00:00.75 | Mem:376.56M, Peak:376.56M | Scene, ViewLayer | Sample 1/64
Fra:32 Mem:672.20M (Peak 761.06M) | Time:00:02.36 | Mem:443.36M, Peak:443.36M | Scene, ViewLayer | Sample 64/64
Fra:32 Mem:672.20M (Peak 761.06M) | Time:00:02.36 | Mem:443.36M, Peak:443.36M | Scene, ViewLayer | Finished
Append frame 32
 Time: 00:03.10 (Saving: 00:00.05)

Fra:33 Mem:66.70M (Peak 761.06M) | Time:00:00.55 | Mem:0.00M, Peak:0.00M | Scene, ViewLayer | Synchronizing object | Object_4
Fra:33 Mem:66.71M (Peak 761.06M) | Time:00:00.55 | Mem:0.00M, Peak:0.00M | Scene, ViewLayer | Synchronizing object | Object_30
Fra:33 Mem:66.81M (Peak 761.06M) | Time:00:00.55 | Mem:0.00M, Peak:0.00M | Scene, ViewLayer | Synchronizing object | tennis_old
Fra:33 Mem:72.92M (Peak 761.06M) | Time:00:00.57 | Mem:0.00M, Peak:0.00M | Scene, ViewLayer | Initializing
Fra:33 Mem:72.82M (Peak 761.06M) | Time:00:00.58 | Mem:0.00M, Peak:0.00M | Scene, ViewLayer | Updating Images | Loading Image_0
Fra:33 Mem:72.82M (Peak 761.06M) | Time:00:00.58 | Mem:0.00M, Peak:0.00M | Scene, ViewLayer | Updating Images | Loading Image_10
Fra:33 Mem:76.82M (Peak 761.06M) | Time:00:00.58 | Mem:0.00M, Peak:0.00M | Scene, ViewLayer | Updating Images | Loading Image_17
Fra:33 Mem:340.05M (Peak 761.06M) | Time:00:00.99 | Mem:272.00M, Peak:272.00M | Scene, ViewLayer | Waiting for render to start
Fra:33 Mem:340.05M (Peak 761.06M) | Time:00:00.99 | Mem:272.00M, Peak:272.00M | Scene, ViewLayer | Loading render kernels (may take a few minutes the first time)
Fra:33 Mem:340.05M (Peak 761.06M) | Time:00:01.33 | Mem:272.00M, Peak:272.00M | Scene, ViewLayer | Updating Scene
Fra:33 Mem:340.05M (Peak 761.06M) | Time:00:01.33 | Mem:272.00M, Peak:272.00M | Scene, ViewLayer | Updating Shaders
Fra:33 Mem:340.06M (Peak 761.06M) | Time:00:01.33 | Mem:272.01M, Peak:272.01M | Scene, ViewLayer | Updating Procedurals
Fra:33 Mem:340.06M (Peak 761.06M) | Time:00:01.33 | Mem:272.01M, Peak:272.01M | Scene, ViewLayer | Updating Background
Fra:33 Mem:340.06M (Peak 761.06M) | Time:00:01.33 | Mem:272.01M, Peak:272.01M | Scene, ViewLayer | Updating Camera
Fra:33 Mem:340.07M (Peak 761.06M) | Time:00:01.33 | Mem:272.01M, Peak:272.01M | Scene, ViewLayer | Updating Meshes Flags
Fra:33 Mem:340.07M (Peak 761.06M) | Time:00:01.33 | Mem:272.01M, Peak:272.01M | Scene, ViewLayer | Updating Objects
Fra:33 Mem:340.07M (Peak 761.06M) | Time:00:01.33 | Mem:272.01M, Peak:272.01M | Scene, ViewLayer | Updating Objects | Copying Transformations to device
Fra:33 Mem:340.07M (Peak 761.06M) | Time:00:01.33 | Mem:272.01M, Peak:272.01M | Scene, ViewLayer | Updating Objects | Applying Static Transformations
Fra:33 Mem:340.07M (Peak 761.06M) | Time:00:01.34 | Mem:272.01M, Peak:272.01M | Scene, ViewLayer | Updating Particle Systems
Fra:33 Mem:340.07M (Peak 761.06M) | Time:00:01.34 | Mem:272.01M, Peak:272.01M | Scene, ViewLayer | Updating Particle Systems | Copying Particles to device
Fra:33 Mem:340.07M (Peak 761.06M) | Time:00:01.34 | Mem:272.01M, Peak:272.01M | Scene, ViewLayer | Updating Meshes
Fra:33 Mem:340.97M (Peak 761.06M) | Time:00:01.34 | Mem:272.01M, Peak:272.01M | Scene, ViewLayer | Updating Mesh | Computing attributes
Fra:33 Mem:344.09M (Peak 761.06M) | Time:00:01.34 | Mem:272.02M, Peak:272.02M | Scene, ViewLayer | Updating Mesh | Copying Attributes to device
Fra:33 Mem:344.07M (Peak 761.06M) | Time:00:01.34 | Mem:275.11M, Peak:275.11M | Scene, ViewLayer | Updating Geometry BVH low poly_Material.001_0.001 2/2 | Building BVH
Fra:33 Mem:344.17M (Peak 761.06M) | Time:00:01.34 | Mem:275.11M, Peak:275.11M | Scene, ViewLayer | Updating Geometry BVH low poly_Material.001_0 1/2 | Building BVH
Fra:33 Mem:344.32M (Peak 761.06M) | Time:00:01.34 | Mem:275.11M, Peak:275.11M | Scene, ViewLayer | Updating Geometry BVH low poly_Material.001_0 1/2 | Packing BVH triangles and strands
Fra:33 Mem:344.33M (Peak 761.06M) | Time:00:01.34 | Mem:275.11M, Peak:275.11M | Scene, ViewLayer | Updating Geometry BVH low poly_Material.001_0 1/2 | Packing BVH nodes
Fra:33 Mem:344.26M (Peak 761.06M) | Time:00:01.35 | Mem:275.11M, Peak:275.11M | Scene, ViewLayer | Updating Geometry BVH low poly_Material.001_0 1/2 | Packing BVH triangles and strands
Fra:33 Mem:344.27M (Peak 761.06M) | Time:00:01.35 | Mem:275.11M, Peak:275.11M | Scene, ViewLayer | Updating Geometry BVH low poly_Material.001_0 1/2 | Packing BVH nodes
Fra:33 Mem:344.20M (Peak 761.06M) | Time:00:01.35 | Mem:275.11M, Peak:275.11M | Scene, ViewLayer | Updating Scene BVH | Building
Fra:33 Mem:344.20M (Peak 761.06M) | Time:00:01.35 | Mem:275.11M, Peak:275.11M | Scene, ViewLayer | Updating Scene BVH | Building BVH
Fra:33 Mem:347.31M (Peak 761.06M) | Time:00:01.37 | Mem:275.11M, Peak:275.11M | Scene, ViewLayer | Updating Scene BVH | Packing BVH triangles and strands
Fra:33 Mem:347.52M (Peak 761.06M) | Time:00:01.37 | Mem:275.11M, Peak:275.11M | Scene, ViewLayer | Updating Scene BVH | Packing BVH nodes
Fra:33 Mem:347.66M (Peak 761.06M) | Time:00:01.37 | Mem:275.11M, Peak:275.11M | Scene, ViewLayer | Updating Scene BVH | Copying BVH to device
Fra:33 Mem:347.66M (Peak 761.06M) | Time:00:01.38 | Mem:276.84M, Peak:276.84M | Scene, ViewLayer | Updating Mesh | Computing normals
Fra:33 Mem:350.34M (Peak 761.06M) | Time:00:01.38 | Mem:276.84M, Peak:276.84M | Scene, ViewLayer | Updating Mesh | Copying Mesh to device
Fra:33 Mem:350.34M (Peak 761.06M) | Time:00:01.38 | Mem:279.53M, Peak:279.53M | Scene, ViewLayer | Updating Objects Flags
Fra:33 Mem:350.34M (Peak 761.06M) | Time:00:01.38 | Mem:279.53M, Peak:279.53M | Scene, ViewLayer | Updating Primitive Offsets
Fra:33 Mem:350.34M (Peak 761.06M) | Time:00:01.38 | Mem:279.53M, Peak:279.53M | Scene, ViewLayer | Updating Images
Fra:33 Mem:350.34M (Peak 761.06M) | Time:00:01.38 | Mem:279.53M, Peak:279.53M | Scene, ViewLayer | Updating Images | Loading kloofendal_48d_partly_cloudy_puresky_2k.hdr
Fra:33 Mem:382.34M (Peak 761.06M) | Time:00:01.47 | Mem:311.53M, Peak:311.53M | Scene, ViewLayer | Updating Camera Volume
Fra:33 Mem:382.34M (Peak 761.06M) | Time:00:01.47 | Mem:311.53M, Peak:311.53M | Scene, ViewLayer | Updating Lookup Tables
Fra:33 Mem:382.34M (Peak 761.06M) | Time:00:01.47 | Mem:311.53M, Peak:311.53M | Scene, ViewLayer | Updating Lights
Fra:33 Mem:382.34M (Peak 761.06M) | Time:00:01.47 | Mem:311.53M, Peak:311.53M | Scene, ViewLayer | Updating Lights | Importance map
Fra:33 Mem:446.37M (Peak 761.06M) | Time:00:01.77 | Mem:375.56M, Peak:375.56M | Scene, ViewLayer | Updating Lights | Computing distribution
Fra:33 Mem:446.37M (Peak 761.06M) | Time:00:01.77 | Mem:375.56M, Peak:375.56M | Scene, ViewLayer | Updating Lights | Computing tree
Fra:33 Mem:446.37M (Peak 761.06M) | Time:00:01.77 | Mem:375.56M, Peak:375.56M | Scene, ViewLayer | Updating Integrator
Fra:33 Mem:447.37M (Peak 761.06M) | Time:00:01.77 | Mem:376.56M, Peak:376.56M | Scene, ViewLayer | Updating Film
Fra:33 Mem:447.37M (Peak 761.06M) | Time:00:01.77 | Mem:376.56M, Peak:376.56M | Scene, ViewLayer | Updating Lookup Tables
Fra:33 Mem:447.37M (Peak 761.06M) | Time:00:01.77 | Mem:376.56M, Peak:376.56M | Scene, ViewLayer | Updating Baking
Fra:33 Mem:447.37M (Peak 761.06M) | Time:00:01.77 | Mem:376.56M, Peak:376.56M | Scene, ViewLayer | Updating Device | Writing constant memory
Fra:33 Mem:447.37M (Peak 761.06M) | Time:00:01.77 | Mem:376.56M, Peak:376.56M | Scene, ViewLayer | Loading denoising kernels (may take a few minutes the first time)
Fra:33 Mem:510.43M (Peak 761.06M) | Time:00:01.84 | Mem:376.56M, Peak:376.56M | Scene, ViewLayer | Sample 0/64
Fra:33 Mem:577.24M (Peak 761.06M) | Time:00:01.85 | Remaining:00:00.74 | Mem:376.56M, Peak:376.56M | Scene, ViewLayer | Sample 1/64
Fra:33 Mem:672.20M (Peak 761.06M) | Time:00:02.44 | Mem:443.36M, Peak:443.36M | Scene, ViewLayer | Sample 64/64
Fra:33 Mem:672.20M (Peak 761.06M) | Time:00:02.44 | Mem:443.36M, Peak:443.36M | Scene, ViewLayer | Finished
Append frame 33
 Time: 00:03.17 (Saving: 00:00.05)

Fra:34 Mem:66.70M (Peak 761.06M) | Time:00:00.53 | Mem:0.00M, Peak:0.00M | Scene, ViewLayer | Synchronizing object | Object_4
Fra:34 Mem:66.71M (Peak 761.06M) | Time:00:00.53 | Mem:0.00M, Peak:0.00M | Scene, ViewLayer | Synchronizing object | Object_14
Fra:34 Mem:66.81M (Peak 761.06M) | Time:00:00.53 | Mem:0.00M, Peak:0.00M | Scene, ViewLayer | Synchronizing object | Object_36
Fra:34 Mem:66.87M (Peak 761.06M) | Time:00:00.53 | Mem:0.00M, Peak:0.00M | Scene, ViewLayer | Synchronizing object | tennis_old
Fra:34 Mem:72.92M (Peak 761.06M) | Time:00:00.56 | Mem:0.00M, Peak:0.00M | Scene, ViewLayer | Initializing
Fra:34 Mem:72.82M (Peak 761.06M) | Time:00:00.56 | Mem:0.00M, Peak:0.00M | Scene, ViewLayer | Updating Images | Loading Image_0
Fra:34 Mem:72.82M (Peak 761.06M) | Time:00:00.56 | Mem:0.00M, Peak:0.00M | Scene, ViewLayer | Updating Images | Loading Image_0.001
Fra:34 Mem:340.05M (Peak 761.06M) | Time:00:00.96 | Mem:272.00M, Peak:272.00M | Scene, ViewLayer | Waiting for render to start
Fra:34 Mem:340.05M (Peak 761.06M) | Time:00:00.96 | Mem:272.00M, Peak:272.00M | Scene, ViewLayer | Loading render kernels (may take a few minutes the first time)
Fra:34 Mem:340.05M (Peak 761.06M) | Time:00:01.31 | Mem:272.00M, Peak:272.00M | Scene, ViewLayer | Updating Scene
Fra:34 Mem:340.05M (Peak 761.06M) | Time:00:01.31 | Mem:272.00M, Peak:272.00M | Scene, ViewLayer | Updating Shaders
Fra:34 Mem:340.06M (Peak 761.06M) | Time:00:01.31 | Mem:272.01M, Peak:272.01M | Scene, ViewLayer | Updating Procedurals
Fra:34 Mem:340.06M (Peak 761.06M) | Time:00:01.31 | Mem:272.01M, Peak:272.01M | Scene, ViewLayer | Updating Background
Fra:34 Mem:340.06M (Peak 761.06M) | Time:00:01.31 | Mem:272.01M, Peak:272.01M | Scene, ViewLayer | Updating Camera
Fra:34 Mem:340.07M (Peak 761.06M) | Time:00:01.31 | Mem:272.01M, Peak:272.01M | Scene, ViewLayer | Updating Meshes Flags
Fra:34 Mem:340.07M (Peak 761.06M) | Time:00:01.31 | Mem:272.01M, Peak:272.01M | Scene, ViewLayer | Updating Objects
Fra:34 Mem:340.07M (Peak 761.06M) | Time:00:01.31 | Mem:272.01M, Peak:272.01M | Scene, ViewLayer | Updating Objects | Copying Transformations to device
Fra:34 Mem:340.07M (Peak 761.06M) | Time:00:01.31 | Mem:272.01M, Peak:272.01M | Scene, ViewLayer | Updating Objects | Applying Static Transformations
Fra:34 Mem:340.07M (Peak 761.06M) | Time:00:01.31 | Mem:272.01M, Peak:272.01M | Scene, ViewLayer | Updating Particle Systems
Fra:34 Mem:340.07M (Peak 761.06M) | Time:00:01.31 | Mem:272.01M, Peak:272.01M | Scene, ViewLayer | Updating Particle Systems | Copying Particles to device
Fra:34 Mem:340.07M (Peak 761.06M) | Time:00:01.31 | Mem:272.01M, Peak:272.01M | Scene, ViewLayer | Updating Meshes
Fra:34 Mem:340.97M (Peak 761.06M) | Time:00:01.31 | Mem:272.01M, Peak:272.01M | Scene, ViewLayer | Updating Mesh | Computing attributes
Fra:34 Mem:344.09M (Peak 761.06M) | Time:00:01.31 | Mem:272.02M, Peak:272.02M | Scene, ViewLayer | Updating Mesh | Copying Attributes to device
Fra:34 Mem:344.07M (Peak 761.06M) | Time:00:01.32 | Mem:275.11M, Peak:275.11M | Scene, ViewLayer | Updating Geometry BVH low poly_Material.001_0.001 2/2 | Building BVH
Fra:34 Mem:344.19M (Peak 761.06M) | Time:00:01.32 | Mem:275.11M, Peak:275.11M | Scene, ViewLayer | Updating Geometry BVH low poly_Material.001_0 1/2 | Building BVH
Fra:34 Mem:344.32M (Peak 761.06M) | Time:00:01.32 | Mem:275.11M, Peak:275.11M | Scene, ViewLayer | Updating Geometry BVH low poly_Material.001_0 1/2 | Packing BVH triangles and strands
Fra:34 Mem:344.33M (Peak 761.06M) | Time:00:01.32 | Mem:275.11M, Peak:275.11M | Scene, ViewLayer | Updating Geometry BVH low poly_Material.001_0 1/2 | Packing BVH nodes
Fra:34 Mem:344.26M (Peak 761.06M) | Time:00:01.32 | Mem:275.11M, Peak:275.11M | Scene, ViewLayer | Updating Geometry BVH low poly_Material.001_0 1/2 | Packing BVH triangles and strands
Fra:34 Mem:344.27M (Peak 761.06M) | Time:00:01.32 | Mem:275.11M, Peak:275.11M | Scene, ViewLayer | Updating Geometry BVH low poly_Material.001_0 1/2 | Packing BVH nodes
Fra:34 Mem:344.20M (Peak 761.06M) | Time:00:01.32 | Mem:275.11M, Peak:275.11M | Scene, ViewLayer | Updating Scene BVH | Building
Fra:34 Mem:344.20M (Peak 761.06M) | Time:00:01.32 | Mem:275.11M, Peak:275.11M | Scene, ViewLayer | Updating Scene BVH | Building BVH
Fra:34 Mem:347.31M (Peak 761.06M) | Time:00:01.34 | Mem:275.11M, Peak:275.11M | Scene, ViewLayer | Updating Scene BVH | Packing BVH triangles and strands
Fra:34 Mem:347.52M (Peak 761.06M) | Time:00:01.34 | Mem:275.11M, Peak:275.11M | Scene, ViewLayer | Updating Scene BVH | Packing BVH nodes
Fra:34 Mem:347.66M (Peak 761.06M) | Time:00:01.35 | Mem:275.11M, Peak:275.11M | Scene, ViewLayer | Updating Scene BVH | Copying BVH to device
Fra:34 Mem:347.66M (Peak 761.06M) | Time:00:01.35 | Mem:276.84M, Peak:276.84M | Scene, ViewLayer | Updating Mesh | Computing normals
Fra:34 Mem:350.34M (Peak 761.06M) | Time:00:01.35 | Mem:276.84M, Peak:276.84M | Scene, ViewLayer | Updating Mesh | Copying Mesh to device
Fra:34 Mem:350.34M (Peak 761.06M) | Time:00:01.36 | Mem:279.53M, Peak:279.53M | Scene, ViewLayer | Updating Objects Flags
Fra:34 Mem:350.34M (Peak 761.06M) | Time:00:01.36 | Mem:279.53M, Peak:279.53M | Scene, ViewLayer | Updating Primitive Offsets
Fra:34 Mem:350.34M (Peak 761.06M) | Time:00:01.36 | Mem:279.53M, Peak:279.53M | Scene, ViewLayer | Updating Images
Fra:34 Mem:350.34M (Peak 761.06M) | Time:00:01.36 | Mem:279.53M, Peak:279.53M | Scene, ViewLayer | Updating Images | Loading kloofendal_48d_partly_cloudy_puresky_2k.hdr
Fra:34 Mem:382.34M (Peak 761.06M) | Time:00:01.44 | Mem:311.53M, Peak:311.53M | Scene, ViewLayer | Updating Camera Volume
Fra:34 Mem:382.34M (Peak 761.06M) | Time:00:01.44 | Mem:311.53M, Peak:311.53M | Scene, ViewLayer | Updating Lookup Tables
Fra:34 Mem:382.34M (Peak 761.06M) | Time:00:01.44 | Mem:311.53M, Peak:311.53M | Scene, ViewLayer | Updating Lights
Fra:34 Mem:382.34M (Peak 761.06M) | Time:00:01.44 | Mem:311.53M, Peak:311.53M | Scene, ViewLayer | Updating Lights | Importance map
Fra:34 Mem:446.37M (Peak 761.06M) | Time:00:01.73 | Mem:375.56M, Peak:375.56M | Scene, ViewLayer | Updating Lights | Computing distribution
Fra:34 Mem:446.37M (Peak 761.06M) | Time:00:01.74 | Mem:375.56M, Peak:375.56M | Scene, ViewLayer | Updating Lights | Computing tree
Fra:34 Mem:446.37M (Peak 761.06M) | Time:00:01.74 | Mem:375.56M, Peak:375.56M | Scene, ViewLayer | Updating Integrator
Fra:34 Mem:447.37M (Peak 761.06M) | Time:00:01.74 | Mem:376.56M, Peak:376.56M | Scene, ViewLayer | Updating Film
Fra:34 Mem:447.37M (Peak 761.06M) | Time:00:01.74 | Mem:376.56M, Peak:376.56M | Scene, ViewLayer | Updating Lookup Tables
Fra:34 Mem:447.37M (Peak 761.06M) | Time:00:01.74 | Mem:376.56M, Peak:376.56M | Scene, ViewLayer | Updating Baking
Fra:34 Mem:447.37M (Peak 761.06M) | Time:00:01.74 | Mem:376.56M, Peak:376.56M | Scene, ViewLayer | Updating Device | Writing constant memory
Fra:34 Mem:447.37M (Peak 761.06M) | Time:00:01.74 | Mem:376.56M, Peak:376.56M | Scene, ViewLayer | Loading denoising kernels (may take a few minutes the first time)
Fra:34 Mem:510.43M (Peak 761.06M) | Time:00:01.81 | Mem:376.56M, Peak:376.56M | Scene, ViewLayer | Sample 0/64
Fra:34 Mem:577.24M (Peak 761.06M) | Time:00:01.82 | Remaining:00:00.75 | Mem:376.56M, Peak:376.56M | Scene, ViewLayer | Sample 1/64
Fra:34 Mem:672.21M (Peak 761.06M) | Time:00:02.39 | Mem:443.36M, Peak:443.36M | Scene, ViewLayer | Sample 64/64
Fra:34 Mem:672.21M (Peak 761.06M) | Time:00:02.39 | Mem:443.36M, Peak:443.36M | Scene, ViewLayer | Finished
Append frame 34
 Time: 00:03.15 (Saving: 00:00.05)

Fra:35 Mem:66.71M (Peak 761.06M) | Time:00:00.53 | Mem:0.00M, Peak:0.00M | Scene, ViewLayer | Synchronizing object | Object_4
Fra:35 Mem:66.71M (Peak 761.06M) | Time:00:00.54 | Mem:0.00M, Peak:0.00M | Scene, ViewLayer | Synchronizing object | Object_28
Fra:35 Mem:66.72M (Peak 761.06M) | Time:00:00.54 | Mem:0.00M, Peak:0.00M | Scene, ViewLayer | Synchronizing object | tennis_old
Fra:35 Mem:72.92M (Peak 761.06M) | Time:00:00.56 | Mem:0.00M, Peak:0.00M | Scene, ViewLayer | Initializing
Fra:35 Mem:72.82M (Peak 761.06M) | Time:00:00.56 | Mem:0.00M, Peak:0.00M | Scene, ViewLayer | Updating Images | Loading Image_0.002
Fra:35 Mem:72.82M (Peak 761.06M) | Time:00:00.56 | Mem:0.00M, Peak:0.00M | Scene, ViewLayer | Updating Images | Loading Image_7
Fra:35 Mem:76.82M (Peak 761.06M) | Time:00:00.56 | Mem:0.00M, Peak:0.00M | Scene, ViewLayer | Updating Images | Loading Image_0.001
Fra:35 Mem:340.05M (Peak 761.06M) | Time:00:00.96 | Mem:272.00M, Peak:272.00M | Scene, ViewLayer | Waiting for render to start
Fra:35 Mem:340.05M (Peak 761.06M) | Time:00:00.96 | Mem:272.00M, Peak:272.00M | Scene, ViewLayer | Loading render kernels (may take a few minutes the first time)
Fra:35 Mem:340.05M (Peak 761.06M) | Time:00:01.31 | Mem:272.00M, Peak:272.00M | Scene, ViewLayer | Updating Scene
Fra:35 Mem:340.05M (Peak 761.06M) | Time:00:01.31 | Mem:272.00M, Peak:272.00M | Scene, ViewLayer | Updating Shaders
Fra:35 Mem:340.07M (Peak 761.06M) | Time:00:01.31 | Mem:272.01M, Peak:272.01M | Scene, ViewLayer | Updating Procedurals
Fra:35 Mem:340.07M (Peak 761.06M) | Time:00:01.31 | Mem:272.01M, Peak:272.01M | Scene, ViewLayer | Updating Background
Fra:35 Mem:340.07M (Peak 761.06M) | Time:00:01.31 | Mem:272.01M, Peak:272.01M | Scene, ViewLayer | Updating Camera
Fra:35 Mem:340.07M (Peak 761.06M) | Time:00:01.31 | Mem:272.01M, Peak:272.01M | Scene, ViewLayer | Updating Meshes Flags
Fra:35 Mem:340.07M (Peak 761.06M) | Time:00:01.31 | Mem:272.01M, Peak:272.01M | Scene, ViewLayer | Updating Objects
Fra:35 Mem:340.07M (Peak 761.06M) | Time:00:01.31 | Mem:272.01M, Peak:272.01M | Scene, ViewLayer | Updating Objects | Copying Transformations to device
Fra:35 Mem:340.07M (Peak 761.06M) | Time:00:01.31 | Mem:272.01M, Peak:272.01M | Scene, ViewLayer | Updating Objects | Applying Static Transformations
Fra:35 Mem:340.07M (Peak 761.06M) | Time:00:01.31 | Mem:272.01M, Peak:272.01M | Scene, ViewLayer | Updating Particle Systems
Fra:35 Mem:340.07M (Peak 761.06M) | Time:00:01.31 | Mem:272.01M, Peak:272.01M | Scene, ViewLayer | Updating Particle Systems | Copying Particles to device
Fra:35 Mem:340.07M (Peak 761.06M) | Time:00:01.31 | Mem:272.01M, Peak:272.01M | Scene, ViewLayer | Updating Meshes
Fra:35 Mem:340.97M (Peak 761.06M) | Time:00:01.31 | Mem:272.01M, Peak:272.01M | Scene, ViewLayer | Updating Mesh | Computing attributes
Fra:35 Mem:344.09M (Peak 761.06M) | Time:00:01.31 | Mem:272.02M, Peak:272.02M | Scene, ViewLayer | Updating Mesh | Copying Attributes to device
Fra:35 Mem:344.07M (Peak 761.06M) | Time:00:01.32 | Mem:275.11M, Peak:275.11M | Scene, ViewLayer | Updating Geometry BVH low poly_Material.001_0.001 2/2 | Building BVH
Fra:35 Mem:344.20M (Peak 761.06M) | Time:00:01.32 | Mem:275.11M, Peak:275.11M | Scene, ViewLayer | Updating Geometry BVH low poly_Material.001_0 1/2 | Building BVH
Fra:35 Mem:344.32M (Peak 761.06M) | Time:00:01.32 | Mem:275.11M, Peak:275.11M | Scene, ViewLayer | Updating Geometry BVH low poly_Material.001_0 1/2 | Packing BVH triangles and strands
Fra:35 Mem:344.33M (Peak 761.06M) | Time:00:01.32 | Mem:275.11M, Peak:275.11M | Scene, ViewLayer | Updating Geometry BVH low poly_Material.001_0 1/2 | Packing BVH nodes
Fra:35 Mem:344.26M (Peak 761.06M) | Time:00:01.32 | Mem:275.11M, Peak:275.11M | Scene, ViewLayer | Updating Geometry BVH low poly_Material.001_0 1/2 | Packing BVH triangles and strands
Fra:35 Mem:344.27M (Peak 761.06M) | Time:00:01.32 | Mem:275.11M, Peak:275.11M | Scene, ViewLayer | Updating Geometry BVH low poly_Material.001_0 1/2 | Packing BVH nodes
Fra:35 Mem:344.20M (Peak 761.06M) | Time:00:01.32 | Mem:275.11M, Peak:275.11M | Scene, ViewLayer | Updating Scene BVH | Building
Fra:35 Mem:344.20M (Peak 761.06M) | Time:00:01.32 | Mem:275.11M, Peak:275.11M | Scene, ViewLayer | Updating Scene BVH | Building BVH
Fra:35 Mem:347.31M (Peak 761.06M) | Time:00:01.35 | Mem:275.11M, Peak:275.11M | Scene, ViewLayer | Updating Scene BVH | Packing BVH triangles and strands
Fra:35 Mem:347.52M (Peak 761.06M) | Time:00:01.35 | Mem:275.11M, Peak:275.11M | Scene, ViewLayer | Updating Scene BVH | Packing BVH nodes
Fra:35 Mem:347.66M (Peak 761.06M) | Time:00:01.35 | Mem:275.11M, Peak:275.11M | Scene, ViewLayer | Updating Scene BVH | Copying BVH to device
Fra:35 Mem:347.66M (Peak 761.06M) | Time:00:01.35 | Mem:276.84M, Peak:276.84M | Scene, ViewLayer | Updating Mesh | Computing normals
Fra:35 Mem:350.34M (Peak 761.06M) | Time:00:01.35 | Mem:276.84M, Peak:276.84M | Scene, ViewLayer | Updating Mesh | Copying Mesh to device
Fra:35 Mem:350.34M (Peak 761.06M) | Time:00:01.36 | Mem:279.53M, Peak:279.53M | Scene, ViewLayer | Updating Objects Flags
Fra:35 Mem:350.34M (Peak 761.06M) | Time:00:01.36 | Mem:279.53M, Peak:279.53M | Scene, ViewLayer | Updating Primitive Offsets
Fra:35 Mem:350.34M (Peak 761.06M) | Time:00:01.36 | Mem:279.53M, Peak:279.53M | Scene, ViewLayer | Updating Images
Fra:35 Mem:350.34M (Peak 761.06M) | Time:00:01.36 | Mem:279.53M, Peak:279.53M | Scene, ViewLayer | Updating Images | Loading kloofendal_48d_partly_cloudy_puresky_2k.hdr
Fra:35 Mem:382.34M (Peak 761.06M) | Time:00:01.45 | Mem:311.53M, Peak:311.53M | Scene, ViewLayer | Updating Camera Volume
Fra:35 Mem:382.34M (Peak 761.06M) | Time:00:01.45 | Mem:311.53M, Peak:311.53M | Scene, ViewLayer | Updating Lookup Tables
Fra:35 Mem:382.34M (Peak 761.06M) | Time:00:01.45 | Mem:311.53M, Peak:311.53M | Scene, ViewLayer | Updating Lights
Fra:35 Mem:382.34M (Peak 761.06M) | Time:00:01.45 | Mem:311.53M, Peak:311.53M | Scene, ViewLayer | Updating Lights | Importance map
Fra:35 Mem:446.37M (Peak 761.06M) | Time:00:01.75 | Mem:375.56M, Peak:375.56M | Scene, ViewLayer | Updating Lights | Computing distribution
Fra:35 Mem:446.37M (Peak 761.06M) | Time:00:01.75 | Mem:375.56M, Peak:375.56M | Scene, ViewLayer | Updating Lights | Computing tree
Fra:35 Mem:446.37M (Peak 761.06M) | Time:00:01.75 | Mem:375.56M, Peak:375.56M | Scene, ViewLayer | Updating Integrator
F